SKU,spam,Number of Comments,Median Comment Date,Time (numerical),Median Comment Length,Median Number of Pictures,Total Pictures,Spam Percent,Rank,scroll,page,Mean Comment Date,25th Comment Date,75th Comment Date,Min Comment Date,Max Comment Date,Range Date,IQR Date,sku_com_1,sku_com_2,sku_com_3,sku_pics_1,sku_pics_2,sku_pics_3,sku_medcom_1,sku_medcom_2,sku_medcom_3,sku_spam_1,sku_spam_2,sku_spam_3,meddate_spam_1,meddate_spam_2,meddate_com_1,meddate_com_2,meddate_com_3,75date_com_1,75date_com_2,75date_com_3,25date_com_1,25date_com_2,maxdate_com_1,maxdate_com_2,mindate_com_1,mindate_com_2,meandate_com_1,meandate_com_2,meandate_com_3,iqrdate_com_1
143917107,10,11,737288.0,36841.0,88.0,0.0,0,0.9090909090909092,517,5,5,737290.0909090909,737272.5,737306.5,737263.0,737320.0,57.0,34.0,0,0,1,0,0,1,0,0,1,0,0,1,0,1,0,0,1,1,0,0,1,0,0,1,0,1,0,0,1,0
147679302,36,45,737316.0,39940.0,71.0,0.0,11,0.8,519,5,5,737187.8444444444,737292.0,737337.0,735858.0,737648.0,1790.0,45.0,0,0,1,0,0,1,0,0,1,0,0,1,0,1,0,0,1,1,0,0,1,0,0,0,1,0,0,0,0,0
158925003,27,83,736583.0,27144.0,46.0,0.0,8,0.3253012048192771,518,5,5,736516.7590361445,735954.5,736999.0,735921.0,737371.0,1450.0,1044.5,0,0,1,0,0,1,0,0,1,0,0,1,0,1,1,0,0,0,0,1,1,0,0,1,1,0,0,0,0,1
195961801,0,1,737672.0,35711.0,128.0,0.0,0,0.0,388,4,4,737672.0,737672.0,737672.0,737672.0,737672.0,0.0,0.0,0,0,1,0,0,1,0,0,1,0,0,1,0,0,0,0,0,0,0,0,0,0,0,0,0,0,1,0,0,0
226152806,113,176,737117.0,45533.5,73.0,0.0,53,0.6420454545454546,501,5,5,737134.8465909091,736959.5,737331.25,736604.0,737679.0,1075.0,371.75,1,0,0,1,0,0,1,0,0,1,0,0,0,1,1,0,0,1,0,0,1,0,0,0,1,0,0,0,0,1
242021808,186,363,737041.0,45636.0,73.0,0.0,206,0.5123966942148761,505,5,5,737076.0303030303,736896.0,737228.0,736678.0,737678.0,1000.0,332.0,1,0,0,1,0,0,1,0,0,1,0,0,0,1,1,0,0,0,0,1,0,1,1,0,1,0,0,0,0,1
249791702,432,695,737292.0,42704.0,72.0,0.0,308,0.6215827338129496,26,1,1,737307.6402877698,737069.0,737603.0,736708.0,737683.0,975.0,534.0,1,0,0,1,0,0,1,0,0,1,0,0,1,0,0,1,0,0,1,0,0,1,1,0,1,0,0,1,0,1
251413702,345,701,737369.0,41251.0,77.0,0.0,299,0.4921540656205421,83,1,1,737319.7104136947,737112.0,737571.0,736721.0,737686.0,965.0,459.0,1,0,0,1,0,0,1,0,0,1,0,0,1,0,0,1,0,0,1,0,0,1,1,0,1,0,0,1,0,1
252663503,36,63,737193.0,44063.0,66.0,0.0,24,0.5714285714285714,514,5,5,737152.2857142857,736969.0,737302.0,736712.0,737641.0,929.0,333.0,1,0,0,1,0,0,1,0,0,1,0,0,0,1,1,0,0,1,0,0,1,0,0,0,1,0,0,0,0,0
252664702,59,91,736963.0,44728.0,63.0,0.0,16,0.6483516483516484,513,5,5,737032.2417582419,736850.0,737119.0,736728.0,737675.0,947.0,269.0,1,0,0,1,0,0,1,0,0,1,0,0,0,1,1,0,0,0,0,1,1,0,0,0,1,0,0,0,0,0
253094902,9,14,736829.0,60282.5,84.5,0.0,3,0.6428571428571429,511,5,5,736906.4285714284,736811.75,736952.75,736781.0,737373.0,592.0,141.0,1,0,0,1,0,0,1,0,0,1,0,0,0,1,1,0,0,0,0,1,1,0,0,1,1,0,0,0,0,0
253124507,109,187,737234.0,49511.0,63.0,0.0,57,0.5828877005347594,484,5,5,737275.3262032084,737098.5,737502.0,736800.0,737678.0,878.0,403.5,1,0,0,1,0,0,1,0,0,1,0,0,0,1,0,0,1,1,0,0,1,0,0,0,1,0,0,0,1,1
253294201,6,8,737198.0,64077.5,62.0,0.0,2,0.75,512,5,5,737164.5,737089.75,737268.5,736803.0,737496.0,693.0,178.75,1,0,0,1,0,0,1,0,0,1,0,0,0,1,1,0,0,1,0,0,1,0,0,1,1,0,0,0,0,0
254580102,12,15,737273.0,51630.0,69.0,0.0,4,0.8,510,5,5,737285.3333333335,737207.5,737318.5,736995.0,737622.0,627.0,111.0,1,0,0,1,0,0,1,0,0,1,0,0,0,1,0,0,1,1,0,0,1,0,0,0,0,1,0,0,1,0
261346002,423,737,737295.0,46403.0,72.0,0.0,289,0.5739484396200815,117,2,1,737326.9592944368,737128.0,737539.0,736823.0,737686.0,863.0,411.0,1,0,0,1,0,0,1,0,0,1,0,0,1,0,0,1,0,0,1,0,0,1,1,0,1,0,0,1,0,1
264222702,449,798,737397.5,45595.5,73.0,0.0,289,0.5626566416040101,48,1,1,737349.6027568922,737144.0,737567.75,736865.0,737686.0,821.0,423.75,1,0,0,1,0,0,1,0,0,1,0,0,1,0,0,1,0,0,1,0,0,1,1,0,1,0,0,1,0,1
265829413,493,804,737316.0,46215.5,74.0,0.0,312,0.6131840796019901,297,3,3,737336.2587064677,737186.75,737503.25,736847.0,737683.0,836.0,316.5,1,0,0,1,0,0,1,0,0,1,0,0,1,0,0,1,0,0,1,0,0,1,1,0,1,0,0,1,0,1
271590201,1,1,737271.0,12904.0,67.0,2.0,2,1.0,506,5,5,737271.0,737271.0,737271.0,737271.0,737271.0,0.0,0.0,1,0,0,1,0,0,1,0,0,1,0,0,0,1,0,0,1,1,0,0,1,0,0,1,0,1,0,0,1,0
271994701,7,8,737275.5,44372.0,65.5,0.0,2,0.875,509,5,5,737232.5,737191.75,737352.75,736938.0,737425.0,487.0,161.0,1,0,0,1,0,0,1,0,0,1,0,0,0,1,0,0,1,1,0,0,1,0,0,1,0,1,0,0,1,0
272094601,273,455,737401.0,44784.0,77.0,0.0,263,0.6,25,1,1,737366.1560439559,737181.5,737571.0,736892.0,737682.0,790.0,389.5,1,0,0,1,0,0,1,0,0,1,0,0,1,0,0,1,0,0,1,0,0,1,1,0,1,0,0,1,0,1
275758803,37,71,737170.0,47940.0,65.0,0.0,21,0.5211267605633803,508,5,5,737244.5492957747,737096.5,737383.0,736926.0,737683.0,757.0,286.5,1,0,0,1,0,0,1,0,0,1,0,0,0,1,1,0,0,1,0,0,1,0,0,0,0,1,0,0,1,0
276314803,7,9,737389.0,29436.0,86.0,0.0,5,0.7777777777777778,507,5,5,737427.7777777779,737318.0,737516.0,737279.0,737599.0,320.0,198.0,1,0,0,1,0,0,1,0,0,1,0,0,0,1,0,0,1,1,0,0,1,0,0,0,0,1,0,0,1,0
277448201,17,23,737294.0,39096.0,83.0,0.0,11,0.7391304347826086,504,5,5,737308.2173913043,737255.5,737330.5,737006.0,737660.0,654.0,75.0,1,0,0,1,0,0,1,0,0,1,0,0,0,1,0,0,1,1,0,0,1,0,0,0,0,1,0,0,1,0
279050903,6,6,737280.5,34362.5,52.0,0.0,1,1.0,503,5,5,737278.6666666665,737262.75,737296.75,737148.0,737404.0,256.0,34.0,1,0,0,1,0,0,1,0,0,1,0,0,0,1,0,0,1,1,0,0,1,0,0,1,0,1,0,0,1,0
279617603,1,1,737599.0,31177.0,70.0,0.0,0,1.0,392,4,4,737599.0,737599.0,737599.0,737599.0,737599.0,0.0,0.0,1,0,0,1,0,0,1,0,0,1,0,0,0,0,0,0,0,0,0,0,0,0,0,0,0,0,1,0,0,0
279797103,0,1,737027.0,84900.0,115.0,1.0,1,0.0,502,5,5,737027.0,737027.0,737027.0,737027.0,737027.0,0.0,0.0,1,0,0,1,0,0,1,0,0,1,0,0,0,1,1,0,0,0,0,1,1,0,0,1,0,1,0,0,0,0
280217703,1,1,737042.0,30838.0,110.0,1.0,1,1.0,500,5,5,737042.0,737042.0,737042.0,737042.0,737042.0,0.0,0.0,1,0,0,1,0,0,1,0,0,1,0,0,0,1,1,0,0,0,0,1,1,0,0,1,0,1,0,0,0,0
280946302,5,7,737128.0,71612.0,37.0,0.0,2,0.7142857142857143,498,5,5,737102.7142857143,737075.0,737136.5,737019.0,737149.0,130.0,61.5,1,0,0,1,0,0,1,0,0,1,0,0,0,1,1,0,0,0,0,1,1,0,0,1,0,1,0,0,0,0
282276001,1,1,737308.0,72646.0,83.0,1.0,1,1.0,496,5,5,737308.0,737308.0,737308.0,737308.0,737308.0,0.0,0.0,1,0,0,1,0,0,1,0,0,1,0,0,0,1,0,0,1,1,0,0,1,0,0,1,0,1,0,0,1,0
338114204,6,8,737353.0,50158.5,92.0,0.0,3,0.75,493,5,5,737385.5,737320.25,737458.5,737081.0,737640.0,559.0,138.25,0,1,0,0,1,0,0,1,0,0,1,0,0,1,0,0,1,1,0,0,1,0,0,0,0,1,0,0,1,0
343131304,67,93,737367.0,36504.0,83.0,0.0,30,0.7204301075268817,479,5,4,737388.3118279569,737319.0,737427.0,737223.0,737657.0,434.0,108.0,0,1,0,0,1,0,0,1,0,0,1,0,0,1,0,0,1,1,0,0,1,0,0,0,0,1,0,0,1,0
352975901,91,140,737432.0,37162.5,66.0,0.0,50,0.65,492,5,5,737434.1785714284,737320.5,737561.25,737079.0,737672.0,593.0,240.75,0,1,0,0,1,0,0,1,0,0,1,0,0,1,0,0,1,0,0,0,1,0,0,0,0,1,0,0,1,0
366061401,6,8,737106.5,31305.0,60.5,0.0,0,0.75,497,5,5,737142.375,737082.75,737121.75,737029.0,737507.0,478.0,39.0,0,1,0,0,1,0,0,1,0,0,1,0,0,1,1,0,0,0,0,1,1,0,0,1,0,1,0,0,0,0
368800603,3,6,737318.5,51476.5,55.0,0.0,3,0.5,473,5,4,737362.6666666665,737307.5,737321.25,737263.0,737650.0,387.0,13.75,0,1,0,0,1,0,0,1,0,0,1,0,0,1,0,0,1,1,0,0,1,0,0,0,0,1,0,0,1,0
368804801,7,7,737322.0,11230.0,69.0,0.0,3,1.0,472,5,4,737390.0,737311.0,737448.0,737291.0,737599.0,308.0,137.0,0,1,0,0,1,0,0,1,0,0,1,0,0,1,0,0,1,1,0,0,1,0,0,0,0,1,0,0,1,0
368806402,4,27,737480.0,41094.0,48.0,0.0,3,0.14814814814814814,409,4,4,737488.4814814816,737477.5,737482.0,737474.0,737663.0,189.0,4.5,0,1,0,0,1,0,0,1,0,0,1,0,0,0,0,0,1,1,0,0,0,0,0,0,0,0,0,0,1,0
373505001,47,82,737250.5,46505.0,64.5,0.0,37,0.573170731707317,483,5,5,737310.3658536584,737174.75,737446.75,737104.0,737627.0,523.0,272.0,0,1,0,0,1,0,0,1,0,0,1,0,0,1,0,0,1,1,0,0,1,0,0,0,0,1,0,0,1,0
374306102,4,6,737329.5,51367.5,62.5,0.0,2,0.6666666666666666,480,5,5,737349.5,737228.25,737478.75,737147.0,737568.0,421.0,250.5,0,1,0,0,1,0,0,1,0,0,1,0,0,1,0,0,1,1,0,0,1,0,0,0,0,1,0,0,1,0
374311901,33,80,737402.0,45038.0,68.0,0.0,20,0.4125,395,4,4,737395.2125,737273.0,737554.25,737110.0,737683.0,573.0,281.25,0,1,0,0,1,0,0,1,0,0,1,0,0,1,0,0,1,0,0,0,1,0,0,0,0,1,0,0,1,0
374320301,32,52,737324.5,38860.5,74.0,0.0,20,0.6153846153846154,490,5,5,737344.3076923076,737238.75,737440.25,737089.0,737610.0,521.0,201.5,0,1,0,0,1,0,0,1,0,0,1,0,0,1,0,0,1,1,0,0,1,0,0,0,0,1,0,0,1,0
374611703,7,7,737329.0,41225.0,71.0,0.0,0,1.0,488,5,5,737322.5714285716,737291.5,737348.5,737258.0,737391.0,133.0,57.0,0,1,0,0,1,0,0,1,0,0,1,0,0,1,0,0,1,1,0,0,1,0,0,1,0,1,0,0,1,0
375044402,64,95,737442.0,35072.0,72.0,0.0,32,0.6736842105263158,489,5,5,737416.4526315789,737312.0,737526.0,737144.0,737681.0,537.0,214.0,0,1,0,0,1,0,0,1,0,0,1,0,0,1,0,0,1,0,0,0,1,0,0,0,0,1,0,0,1,0
375128603,25,73,737392.0,38097.0,67.0,0.0,9,0.3424657534246575,487,5,5,737357.3424657534,737247.0,737440.0,737088.0,737618.0,530.0,193.0,0,1,0,0,1,0,0,1,0,0,1,0,0,1,0,0,1,1,0,0,1,0,0,0,0,1,0,0,1,0
375909705,77,98,737305.5,33221.0,57.0,0.0,36,0.7857142857142857,491,5,5,737323.775510204,737285.25,737360.0,737058.0,737629.0,571.0,74.75,0,1,0,0,1,0,0,1,0,0,1,0,0,1,0,0,1,1,0,0,1,0,0,0,0,1,0,0,1,0
375920304,1,1,737095.0,61582.0,42.0,0.0,0,1.0,495,5,5,737095.0,737095.0,737095.0,737095.0,737095.0,0.0,0.0,0,1,0,0,1,0,0,1,0,0,1,0,0,1,1,0,0,0,0,1,1,0,0,1,0,1,0,0,0,0
375924101,58,76,737396.0,44950.5,73.0,0.0,29,0.7631578947368421,394,4,4,737424.644736842,737350.5,737550.25,737087.0,737648.0,561.0,199.75,0,1,0,0,1,0,0,1,0,0,1,0,0,1,0,0,1,0,0,0,1,0,0,0,0,1,0,0,1,0
376263025,142,306,737357.0,45084.0,70.0,0.0,99,0.4640522875816994,52,1,1,737388.3006535949,737207.0,737587.75,737136.0,737682.0,546.0,380.75,0,1,0,0,1,0,0,1,0,0,1,0,0,1,0,0,1,0,0,0,1,0,1,0,0,1,0,0,1,1
376418302,1,1,737320.0,75433.0,53.0,1.0,1,1.0,494,5,5,737320.0,737320.0,737320.0,737320.0,737320.0,0.0,0.0,0,1,0,0,1,0,0,1,0,0,1,0,0,1,0,0,1,1,0,0,1,0,0,1,0,1,0,0,1,0
378660801,6,7,737390.0,51047.0,69.0,0.0,0,0.8571428571428571,486,5,5,737402.4285714284,737389.5,737430.0,737228.0,737560.0,332.0,40.5,0,1,0,0,1,0,0,1,0,0,1,0,0,1,0,0,1,1,0,0,1,0,0,0,0,1,0,0,1,0
392810902,8,20,737350.5,48852.0,82.0,0.0,13,0.4,485,5,5,737343.35,737214.25,737424.0,737156.0,737681.0,525.0,209.75,0,1,0,0,1,0,0,1,0,0,1,0,0,1,0,0,1,1,0,0,1,0,0,0,0,1,0,0,1,0
392841401,1,1,737389.0,64371.0,41.0,1.0,1,1.0,482,5,5,737389.0,737389.0,737389.0,737389.0,737389.0,0.0,0.0,0,1,0,0,1,0,0,1,0,0,1,0,0,1,0,0,1,1,0,0,1,0,0,1,0,1,0,0,1,0
399549509,8,8,737325.5,43602.5,124.0,0.0,2,1.0,466,5,4,737377.0,737304.0,737394.0,737270.0,737633.0,363.0,90.0,0,1,0,0,1,0,0,1,0,0,1,0,0,1,0,0,1,1,0,0,1,0,0,0,0,1,0,0,1,0
399922005,115,169,737347.0,38625.0,68.0,0.0,54,0.6804733727810651,464,5,4,737353.9171597633,737255.0,737430.0,737163.0,737662.0,499.0,175.0,0,1,0,0,1,0,0,1,0,0,1,0,0,1,0,0,1,1,0,0,1,0,0,0,0,1,0,0,1,0
403295003,34,58,737389.0,50650.0,61.5,0.0,21,0.5862068965517241,477,5,4,737394.4827586206,737273.0,737505.25,737167.0,737670.0,503.0,232.25,0,1,0,0,1,0,0,1,0,0,1,0,0,1,0,0,1,1,0,0,1,0,0,0,0,1,0,0,1,0
405268503,1,1,737321.0,12547.0,117.0,0.0,0,1.0,478,5,4,737321.0,737321.0,737321.0,737321.0,737321.0,0.0,0.0,0,1,0,0,1,0,0,1,0,0,1,0,0,1,0,0,1,1,0,0,1,0,0,1,0,1,0,0,1,0
405272503,5,9,737372.0,32692.0,69.0,0.0,5,0.5555555555555556,470,5,4,737372.8888888889,737271.0,737406.0,737247.0,737673.0,426.0,135.0,0,1,0,0,1,0,0,1,0,0,1,0,0,1,0,0,1,1,0,0,1,0,0,0,0,1,0,0,1,0
405339606,118,201,737304.0,40460.0,73.0,0.0,79,0.5870646766169154,465,5,4,737333.4427860697,737258.0,737377.0,737177.0,737682.0,505.0,119.0,0,1,0,0,1,0,0,1,0,0,1,0,0,1,0,0,1,1,0,0,1,0,0,0,0,1,0,0,1,0
406143501,7,11,737311.0,32075.0,74.0,0.0,5,0.6363636363636364,467,5,4,737368.3636363636,737290.0,737419.5,737230.0,737671.0,441.0,129.5,0,1,0,0,1,0,0,1,0,0,1,0,0,1,0,0,1,1,0,0,1,0,0,0,0,1,0,0,1,0
406261001,1,1,737399.0,27400.0,117.0,0.0,0,1.0,481,5,5,737399.0,737399.0,737399.0,737399.0,737399.0,0.0,0.0,0,1,0,0,1,0,0,1,0,0,1,0,0,1,0,0,1,1,0,0,1,0,0,1,0,1,0,0,1,0
406496303,1,1,737279.0,1905.0,108.0,0.0,0,1.0,475,5,4,737279.0,737279.0,737279.0,737279.0,737279.0,0.0,0.0,0,1,0,0,1,0,0,1,0,0,1,0,0,1,0,0,1,1,0,0,1,0,0,1,0,1,0,0,1,0
406503702,4,6,737179.5,33723.5,54.0,0.0,0,0.6666666666666666,476,5,4,737197.8333333335,737175.25,737192.75,737147.0,737310.0,163.0,17.5,0,1,0,0,1,0,0,1,0,0,1,0,0,1,1,0,0,0,0,1,1,0,0,1,0,1,0,0,0,0
430850204,7,9,737334.0,23932.0,64.0,0.0,1,0.7777777777777778,468,5,4,737352.2222222221,737314.0,737372.0,737264.0,737498.0,234.0,58.0,0,0,0,0,0,0,0,0,0,0,0,0,0,1,0,0,1,1,0,0,1,0,0,1,0,1,0,0,1,0
438331105,1,1,737279.0,54965.0,50.0,1.0,1,1.0,469,5,4,737279.0,737279.0,737279.0,737279.0,737279.0,0.0,0.0,0,0,0,0,0,0,0,0,0,0,0,0,0,1,0,0,1,1,0,0,1,0,0,1,0,1,0,0,1,0
438779201,20,40,737252.0,51847.0,58.0,0.0,7,0.5,471,5,4,737310.975,737198.25,737367.5,737159.0,737664.0,505.0,169.25,0,0,0,0,0,0,0,0,0,0,0,0,0,1,0,0,1,1,0,0,1,0,0,0,0,1,0,0,1,0
439933402,0,1,737276.0,70674.0,42.0,0.0,0,0.0,457,5,4,737276.0,737276.0,737276.0,737276.0,737276.0,0.0,0.0,0,0,0,0,0,0,0,0,0,0,0,0,0,1,0,0,1,1,0,0,1,0,0,1,0,1,0,0,1,0
440238306,5,11,737323.0,26167.0,64.0,0.0,3,0.4545454545454545,441,5,4,737362.0,737279.0,737414.5,737216.0,737558.0,342.0,135.5,0,0,0,0,0,0,0,0,0,0,0,0,0,1,0,0,1,1,0,0,1,0,0,0,0,1,0,0,1,0
442487301,8,10,737401.5,21090.5,67.5,1.0,13,0.8,449,5,4,737401.9,737386.0,737419.75,737363.0,737436.0,73.0,33.75,0,0,0,0,0,0,0,0,0,0,0,0,0,1,0,0,1,1,0,0,1,0,0,1,0,1,0,0,1,0
443873701,5,7,737384.0,29799.0,88.0,0.0,5,0.7142857142857143,463,5,4,737374.7142857143,737375.5,737397.0,737287.0,737407.0,120.0,21.5,0,0,0,0,0,0,0,0,0,0,0,0,0,1,0,0,1,1,0,0,1,0,0,1,0,1,0,0,1,0
444951602,1,1,737430.0,23997.0,74.0,0.0,0,1.0,462,5,4,737430.0,737430.0,737430.0,737430.0,737430.0,0.0,0.0,0,0,0,0,0,0,0,0,0,0,0,0,0,1,0,0,1,1,0,0,0,0,0,1,0,0,0,0,1,0
445878803,1,1,737598.0,27976.0,155.0,0.0,0,1.0,453,5,4,737598.0,737598.0,737598.0,737598.0,737598.0,0.0,0.0,0,0,0,0,0,0,0,0,0,0,0,0,0,0,0,0,0,0,0,0,0,0,0,0,0,0,1,0,0,0
445981501,1,1,737437.0,59108.0,155.0,0.0,0,1.0,461,5,4,737437.0,737437.0,737437.0,737437.0,737437.0,0.0,0.0,0,0,0,0,0,0,0,0,0,0,0,0,0,1,0,0,1,1,0,0,0,0,0,1,0,0,0,0,1,0
446635501,18,27,737323.0,46447.0,65.0,0.0,6,0.6666666666666666,458,5,4,737364.1481481481,737249.5,737442.5,737223.0,737598.0,375.0,193.0,0,0,0,0,0,0,0,0,0,0,0,0,0,1,0,0,1,1,0,0,1,0,0,0,0,1,0,0,1,0
446640103,5,9,737448.0,36163.0,49.0,0.0,1,0.5555555555555556,459,5,4,737402.0,737290.0,737474.0,737205.0,737546.0,341.0,184.0,0,0,0,0,0,0,0,0,0,0,0,0,0,1,0,0,1,1,0,0,1,0,0,0,0,1,0,0,1,0
447081805,26,40,737437.5,46665.5,67.0,0.0,12,0.65,456,5,4,737401.475,737256.75,737519.0,737218.0,737601.0,383.0,262.25,0,0,0,0,0,0,0,0,0,0,0,0,0,1,0,0,1,1,0,0,1,0,0,0,0,1,0,0,1,0
447124202,23,34,737510.0,29266.0,59.0,0.0,13,0.6764705882352942,356,4,3,737477.794117647,737410.75,737549.0,737235.0,737629.0,394.0,138.25,0,0,0,0,0,0,0,0,0,0,0,0,0,0,0,0,0,0,0,0,1,0,0,0,0,1,0,0,1,0
447304902,7,8,737355.5,26139.0,75.5,0.0,2,0.875,450,5,4,737421.25,737314.5,737570.5,737307.0,737578.0,271.0,256.0,0,0,0,0,0,0,0,0,0,0,0,0,0,1,0,0,1,0,0,0,1,0,0,0,0,1,0,0,1,0
447349305,9,15,737333.0,30430.0,76.0,0.0,10,0.6,451,5,4,737357.2,737269.0,737428.5,737217.0,737598.0,381.0,159.5,0,0,0,0,0,0,0,0,0,0,0,0,0,1,0,0,1,1,0,0,1,0,0,0,0,1,0,0,1,0
447447501,5,26,737347.5,59545.5,56.5,0.0,3,0.19230769230769232,460,5,4,737364.3076923076,737341.25,737381.0,737236.0,737526.0,290.0,39.75,0,0,0,0,0,0,0,0,0,0,0,0,0,1,0,0,1,1,0,0,1,0,0,0,0,1,0,0,1,0
447647201,6,15,737297.0,38901.0,66.0,0.0,1,0.4,455,5,4,737309.6666666665,737265.0,737349.0,737236.0,737471.0,235.0,84.0,0,0,0,0,0,0,0,0,0,0,0,0,0,1,0,0,1,1,0,0,1,0,0,1,0,1,0,0,1,0
447771017,101,164,737379.0,42000.5,66.0,0.0,55,0.6158536585365854,437,5,4,737399.0426829269,737300.0,737480.25,737238.0,737677.0,439.0,180.25,0,0,0,0,0,0,0,0,0,0,0,0,0,1,0,0,1,1,0,0,1,0,0,0,0,1,0,0,1,0
448529104,14,19,737290.0,37139.0,73.0,0.0,2,0.7368421052631579,454,5,4,737331.894736842,737286.0,737380.0,737266.0,737584.0,318.0,94.0,0,0,0,0,0,0,0,0,0,0,0,0,0,1,0,0,1,1,0,0,1,0,0,0,0,1,0,0,1,0
448920201,1,1,737275.0,81626.0,117.0,0.0,0,1.0,452,5,4,737275.0,737275.0,737275.0,737275.0,737275.0,0.0,0.0,0,0,0,0,0,0,0,0,0,0,0,0,0,1,0,0,1,1,0,0,1,0,0,1,0,1,0,0,1,0
449502004,1,1,737287.0,55150.0,54.0,0.0,0,1.0,448,5,4,737287.0,737287.0,737287.0,737287.0,737287.0,0.0,0.0,0,0,0,0,0,0,0,0,0,0,0,0,0,1,0,0,1,1,0,0,1,0,0,1,0,1,0,0,1,0
449743902,6,33,737316.0,43209.0,55.0,0.0,1,0.18181818181818185,447,5,4,737327.8787878788,737308.0,737335.0,737283.0,737483.0,200.0,27.0,0,0,0,0,0,0,0,0,0,0,0,0,0,1,0,0,1,1,0,0,1,0,0,1,0,1,0,0,1,0
449768001,6,6,737406.0,46623.0,45.0,0.0,2,1.0,446,5,4,737411.8333333335,737395.5,737422.5,737389.0,737450.0,61.0,27.0,0,0,0,0,0,0,0,0,0,0,0,0,0,1,0,0,1,1,0,0,1,0,0,1,0,1,0,0,1,0
450044903,60,129,737409.0,37981.0,60.0,0.0,42,0.4651162790697674,445,5,4,737416.527131783,737350.0,737455.0,737269.0,737685.0,416.0,105.0,0,0,0,0,0,0,0,0,0,0,0,0,0,1,0,0,1,1,0,0,1,0,0,0,0,1,0,0,1,0
450070603,1,1,737598.0,79273.0,69.0,0.0,0,1.0,440,5,4,737598.0,737598.0,737598.0,737598.0,737598.0,0.0,0.0,0,0,0,0,0,0,0,0,0,0,0,0,0,0,0,0,0,0,0,0,0,0,0,0,0,0,1,0,0,0
450099901,10,13,737448.0,32916.0,53.0,0.0,2,0.7692307692307693,435,5,4,737468.9230769231,737428.0,737494.0,737411.0,737611.0,200.0,66.0,0,0,0,0,0,0,0,0,0,0,0,0,0,1,0,0,1,1,0,0,0,0,0,0,0,0,0,0,1,0
450246203,8,9,737340.0,25501.0,90.0,0.0,1,0.8888888888888888,444,5,4,737367.3333333335,737323.0,737393.0,737310.0,737512.0,202.0,70.0,0,0,0,0,0,0,0,0,0,0,0,0,0,1,0,0,1,1,0,0,1,0,0,1,0,1,0,0,1,0
450392303,10,15,737447.0,51423.0,53.0,0.0,5,0.6666666666666666,443,5,4,737448.7333333333,737409.0,737490.0,737309.0,737648.0,339.0,81.0,0,0,0,0,0,0,0,0,0,0,0,0,0,1,0,0,1,1,0,0,1,0,0,0,0,1,0,0,1,0
450604601,32,63,737392.0,39585.0,55.0,0.0,22,0.5079365079365079,430,5,4,737407.7936507936,737351.0,737450.5,737303.0,737681.0,378.0,99.5,0,0,0,0,0,0,0,0,0,0,0,0,0,1,0,0,1,1,0,0,1,0,0,0,0,1,0,0,1,0
451119901,7,32,737328.5,47590.0,57.5,0.0,2,0.21875,436,5,4,737334.09375,737320.75,737336.25,737302.0,737446.0,144.0,15.5,0,0,0,0,0,0,0,0,0,0,0,0,0,1,0,0,1,1,0,0,1,0,0,1,0,1,0,0,1,0
451120503,1,1,737455.0,58765.0,36.0,1.0,1,1.0,432,5,4,737455.0,737455.0,737455.0,737455.0,737455.0,0.0,0.0,0,0,0,0,0,0,0,0,0,0,0,0,0,1,0,0,1,1,0,0,0,0,0,1,0,0,0,0,1,0
451543709,45,77,737302.0,37400.0,75.0,0.0,20,0.5844155844155844,442,5,4,737363.1428571428,737284.0,737390.0,737250.0,737674.0,424.0,106.0,0,0,0,0,0,0,0,0,0,0,0,0,0,1,0,0,1,1,0,0,1,0,0,0,0,1,0,0,1,0
452194104,1,1,737313.0,39317.0,88.0,0.0,0,1.0,439,5,4,737313.0,737313.0,737313.0,737313.0,737313.0,0.0,0.0,0,0,0,0,0,0,0,0,0,0,0,0,0,1,0,0,1,1,0,0,1,0,0,1,0,1,0,0,1,0
452513103,19,43,737360.0,29912.0,58.0,0.0,7,0.4418604651162791,438,5,4,737391.1395348838,737318.5,737442.0,737295.0,737603.0,308.0,123.5,0,0,0,0,0,0,0,0,0,0,0,0,0,1,0,0,1,1,0,0,1,0,0,0,0,1,0,0,1,0
454352102,10,12,737389.0,39043.0,77.5,0.0,1,0.8333333333333334,429,5,4,737389.9166666665,737360.75,737408.0,737299.0,737573.0,274.0,47.25,0,0,0,0,0,0,0,0,0,0,0,0,0,1,0,0,1,1,0,0,1,0,0,0,0,1,0,0,1,0
454378304,3,6,737485.0,34871.0,71.5,0.0,0,0.5,431,5,4,737482.0,737388.5,737586.75,737353.0,737592.0,239.0,198.25,0,0,0,0,0,0,0,0,0,0,0,0,0,0,0,0,1,0,0,0,1,0,0,0,0,1,0,0,1,0
454475202,1,1,737392.0,27682.0,89.0,0.0,0,1.0,434,5,4,737392.0,737392.0,737392.0,737392.0,737392.0,0.0,0.0,0,0,0,0,0,0,0,0,0,0,0,0,0,1,0,0,1,1,0,0,1,0,0,1,0,1,0,0,1,0
454510803,1,1,737556.0,9299.0,298.0,2.0,2,1.0,428,5,4,737556.0,737556.0,737556.0,737556.0,737556.0,0.0,0.0,0,0,0,0,0,0,0,0,0,0,0,0,0,0,0,0,0,0,0,0,0,0,0,0,0,0,1,0,0,0
454512403,6,7,737378.0,24168.0,61.0,0.0,1,0.8571428571428571,433,5,4,737389.4285714284,737375.5,737402.0,737302.0,737491.0,189.0,26.5,0,0,0,0,0,0,0,0,0,0,0,0,0,1,0,0,1,1,0,0,1,0,0,1,0,1,0,0,1,0
456266802,6,8,737429.0,51676.0,90.5,0.0,3,0.75,427,5,4,737452.875,737385.25,737495.75,737358.0,737647.0,289.0,110.5,0,0,0,0,0,0,0,0,0,0,0,0,0,1,0,0,1,1,0,0,1,0,0,0,0,1,0,0,1,0
458010301,1,1,737428.0,83749.0,155.0,2.0,2,1.0,426,5,4,737428.0,737428.0,737428.0,737428.0,737428.0,0.0,0.0,0,0,0,0,0,0,0,0,0,0,0,0,0,1,0,0,1,1,0,0,0,0,0,1,0,0,0,0,1,0
458305001,1,1,737419.0,81593.0,94.0,0.0,0,1.0,425,5,4,737419.0,737419.0,737419.0,737419.0,737419.0,0.0,0.0,0,0,0,0,0,0,0,0,0,0,0,0,0,1,0,0,1,1,0,0,1,0,0,1,0,0,0,0,1,0
458863602,5,10,737588.0,32759.0,112.0,0.0,2,0.5,242,3,3,737596.9,737568.5,737641.5,737514.0,737672.0,158.0,73.0,0,0,0,0,0,0,0,0,0,0,0,0,0,0,0,0,0,0,0,0,0,0,0,0,0,0,1,0,0,0
459218702,21,26,737601.0,33361.0,93.0,0.0,9,0.8076923076923077,116,2,1,737603.5769230769,737570.75,737639.5,737523.0,737682.0,159.0,68.75,0,0,0,0,0,0,0,0,0,0,0,0,0,0,0,0,0,0,0,0,0,0,0,0,0,0,1,0,0,0
459940001,1,1,737592.0,48657.0,155.0,0.0,0,1.0,396,4,4,737592.0,737592.0,737592.0,737592.0,737592.0,0.0,0.0,0,0,0,0,0,0,0,0,0,0,0,0,0,0,0,0,0,0,0,0,0,0,0,0,0,0,1,0,0,0
460014102,23,49,737593.0,39645.0,90.0,0.0,29,0.4693877551020408,237,3,2,737589.224489796,737561.0,737612.0,737514.0,737659.0,145.0,51.0,0,0,0,0,0,0,0,0,0,0,0,0,0,0,0,0,0,0,0,0,0,0,0,0,0,0,1,0,0,0
460093403,4,35,737451.0,52293.0,51.0,0.0,0,0.11428571428571427,419,5,4,737463.1714285716,737438.0,737462.5,737415.0,737650.0,235.0,24.5,0,0,0,0,0,0,0,0,0,0,0,0,0,1,0,0,1,1,0,0,0,0,0,0,0,0,0,0,1,0
460115103,1,1,737614.0,32144.0,66.0,0.0,0,1.0,421,5,4,737614.0,737614.0,737614.0,737614.0,737614.0,0.0,0.0,0,0,0,0,0,0,0,0,0,0,0,0,0,0,0,0,0,0,0,0,0,0,0,0,0,0,1,0,0,0
460176403,16,29,737625.0,49211.0,75.0,0.0,9,0.5517241379310345,165,2,2,737621.1034482758,737600.0,737642.0,737510.0,737675.0,165.0,42.0,0,0,0,0,0,0,0,0,0,0,0,0,0,0,0,0,0,0,0,0,0,0,0,0,0,0,1,0,0,0
460278101,3,6,737543.0,45762.5,86.0,0.5,6,0.5,414,4,4,737532.5,737509.0,737550.0,737498.0,737561.0,63.0,41.0,0,0,0,0,0,0,0,0,0,0,0,0,0,0,0,0,0,0,0,0,0,0,0,0,0,0,1,0,0,0
460280902,1,31,737473.0,48550.0,53.0,0.0,1,0.03225806451612903,407,4,4,737473.9354838709,737471.0,737476.0,737470.0,737500.0,30.0,5.0,0,0,0,0,0,0,0,0,0,0,0,0,0,0,0,0,1,1,0,0,0,0,0,1,0,0,0,0,1,0
460350802,1,1,737492.0,794.0,226.0,1.0,1,1.0,402,4,4,737492.0,737492.0,737492.0,737492.0,737492.0,0.0,0.0,0,0,0,0,0,0,0,0,0,0,0,0,0,0,0,0,1,1,0,0,0,0,0,1,0,0,0,0,1,0
460353301,21,54,737455.0,44044.0,74.5,0.0,11,0.3888888888888889,387,4,4,737513.4629629629,737455.0,737571.0,737454.0,737675.0,221.0,116.0,0,0,0,0,0,0,0,0,0,0,0,0,0,1,0,0,1,0,0,0,0,0,0,0,0,0,1,0,0,0
460562403,2,34,737446.0,40893.5,55.0,0.0,0,0.05882352941176471,417,5,4,737452.4117647059,737435.25,737458.0,737416.0,737578.0,162.0,22.75,0,0,0,0,0,0,0,0,0,0,0,0,0,1,0,0,1,1,0,0,0,0,0,0,0,0,0,0,1,0
460593101,25,39,737581.0,44122.0,69.0,0.0,10,0.6410256410256411,353,4,3,737567.2051282051,737517.5,737607.0,737458.0,737659.0,201.0,89.5,0,0,0,0,0,0,0,0,0,0,0,0,0,0,0,0,0,0,0,0,0,0,0,0,0,0,1,0,0,0
461000702,120,195,737619.0,45713.0,77.0,0.0,123,0.6153846153846154,1,1,1,737618.5743589744,737595.0,737644.0,737516.0,737686.0,170.0,49.0,0,0,0,0,0,0,0,0,0,0,0,0,0,0,0,0,0,0,0,0,0,0,0,0,0,0,1,0,0,0
461094917,94,164,737612.0,41703.5,78.5,0.0,94,0.573170731707317,40,1,1,737612.798780488,737591.0,737642.25,737475.0,737685.0,210.0,51.25,0,0,0,0,0,0,0,0,0,0,0,0,0,0,0,0,0,0,0,0,0,0,0,0,0,0,1,0,0,0
461101901,120,225,737589.0,43835.0,66.0,0.0,97,0.5333333333333333,17,1,1,737569.4844444444,737508.0,737632.0,737425.0,737686.0,261.0,124.0,0,0,0,0,0,0,0,0,0,0,0,0,0,0,0,0,0,0,0,0,0,0,0,0,0,0,1,0,0,0
461102201,6,45,737412.0,31956.0,54.0,0.0,3,0.13333333333333333,420,5,4,737449.4444444445,737411.0,737455.0,737411.0,737642.0,231.0,44.0,0,0,0,0,0,0,0,0,0,0,0,0,0,1,0,0,1,1,0,0,1,0,0,0,0,0,0,0,1,0
461131206,103,176,737605.5,37380.0,68.5,0.0,72,0.5852272727272727,38,1,1,737584.7670454546,737551.75,737636.0,737451.0,737685.0,234.0,84.25,0,0,0,0,0,0,0,0,0,0,0,0,0,0,0,0,0,0,0,0,0,0,0,0,0,0,1,0,0,0
461153401,7,13,737600.0,29462.0,96.0,0.0,6,0.5384615384615384,245,3,3,737597.3076923076,737546.0,737631.0,737528.0,737672.0,144.0,85.0,0,0,0,0,0,0,0,0,0,0,0,0,0,0,0,0,0,0,0,0,0,0,0,0,0,0,1,0,0,0
461176701,37,67,737584.0,44697.0,89.0,0.0,32,0.5522388059701493,198,2,2,737584.0149253731,737557.0,737612.0,737516.0,737657.0,141.0,55.0,0,0,0,0,0,0,0,0,0,0,0,0,0,0,0,0,0,0,0,0,0,0,0,0,0,0,1,0,0,0
461298101,0,1,737556.0,32887.0,166.0,1.0,1,0.0,422,5,4,737556.0,737556.0,737556.0,737556.0,737556.0,0.0,0.0,0,0,0,0,0,0,0,0,0,0,0,0,0,0,0,0,0,0,0,0,0,0,0,0,0,0,1,0,0,0
461405303,10,37,737484.0,42412.0,61.0,0.0,4,0.2702702702702703,385,4,4,737530.7837837838,737479.0,737600.0,737476.0,737651.0,175.0,121.0,0,0,0,0,0,0,0,0,0,0,0,0,0,0,0,0,1,0,0,0,0,0,0,0,0,0,1,0,0,0
461408504,15,27,737596.0,28541.0,56.0,0.0,8,0.5555555555555556,354,4,3,737583.6666666665,737551.0,737623.5,737451.0,737677.0,226.0,72.5,0,0,0,0,0,0,0,0,0,0,0,0,0,0,0,0,0,0,0,0,0,0,0,0,0,0,1,0,0,0
461430403,16,26,737596.5,42480.0,79.5,0.0,9,0.6153846153846154,141,2,2,737590.9615384616,737556.5,737631.5,737511.0,737662.0,151.0,75.0,0,0,0,0,0,0,0,0,0,0,0,0,0,0,0,0,0,0,0,0,0,0,0,0,0,0,1,0,0,0
461492701,14,27,737585.0,36594.0,58.0,0.0,7,0.5185185185185185,348,4,3,737585.6296296297,737555.5,737624.5,737494.0,737676.0,182.0,69.0,0,0,0,0,0,0,0,0,0,0,0,0,0,0,0,0,0,0,0,0,0,0,0,0,0,0,1,0,0,0
461536602,0,1,737524.0,37020.0,264.0,0.0,0,0.0,411,4,4,737524.0,737524.0,737524.0,737524.0,737524.0,0.0,0.0,0,0,0,0,0,0,0,0,0,0,0,0,0,0,0,0,0,0,0,0,0,0,0,0,0,0,1,0,0,0
461542102,12,49,737466.0,43265.0,58.0,0.0,7,0.24489795918367346,349,4,3,737513.7142857143,737463.0,737575.0,737461.0,737686.0,225.0,112.0,0,0,0,0,0,0,0,0,0,0,0,0,0,0,0,0,1,0,0,0,0,0,0,0,0,0,1,0,0,0
461569002,1,1,737683.0,9737.0,65.0,1.0,1,1.0,250,3,3,737683.0,737683.0,737683.0,737683.0,737683.0,0.0,0.0,0,0,0,0,0,0,0,0,0,0,0,0,0,0,0,0,0,0,0,0,0,0,0,0,0,0,1,0,0,0
461625703,10,20,737587.0,20902.0,70.5,0.0,6,0.5,384,4,4,737587.0,737570.75,737615.75,737508.0,737674.0,166.0,45.0,0,0,0,0,0,0,0,0,0,0,0,0,0,0,0,0,0,0,0,0,0,0,0,0,0,0,1,0,0,0
461648103,29,86,737566.5,44062.0,65.5,0.0,13,0.3372093023255814,295,3,3,737544.1395348838,737460.25,737606.0,737455.0,737672.0,217.0,145.75,0,0,0,0,0,0,0,0,0,0,0,0,0,0,0,0,0,0,0,0,0,0,0,0,0,0,1,0,0,0
461728203,6,8,737522.0,59240.5,101.5,0.0,3,0.75,413,4,4,737536.0,737505.25,737569.25,737463.0,737623.0,160.0,64.0,0,0,0,0,0,0,0,0,0,0,0,0,0,0,0,0,0,0,0,0,0,0,0,0,0,0,1,0,0,0
461778501,29,49,737595.0,36583.0,73.0,0.0,14,0.5918367346938775,74,1,1,737594.7959183673,737570.0,737620.0,737511.0,737667.0,156.0,50.0,0,0,0,0,0,0,0,0,0,0,0,0,0,0,0,0,0,0,0,0,0,0,0,0,0,0,1,0,0,0
461799802,0,1,737685.0,38834.0,38.0,0.0,0,0.0,67,1,1,737685.0,737685.0,737685.0,737685.0,737685.0,0.0,0.0,0,0,0,0,0,0,0,0,0,0,0,0,0,0,0,0,0,0,0,0,0,0,0,0,0,0,1,0,0,0
461927102,0,1,737581.0,33047.0,34.0,1.0,1,0.0,398,4,4,737581.0,737581.0,737581.0,737581.0,737581.0,0.0,0.0,0,0,0,0,0,0,0,0,0,0,0,0,0,0,0,0,0,0,0,0,0,0,0,0,0,0,1,0,0,0
462011401,1,1,737635.0,32318.0,37.0,0.0,0,1.0,37,1,1,737635.0,737635.0,737635.0,737635.0,737635.0,0.0,0.0,0,0,0,0,0,0,0,0,0,0,0,0,0,0,0,0,0,0,0,0,0,0,0,0,0,0,1,0,0,0
462013201,2,20,737473.5,36019.0,56.5,0.0,0,0.1,410,4,4,737473.25,737464.25,737483.0,737455.0,737497.0,42.0,18.75,0,0,0,0,0,0,0,0,0,0,0,0,0,0,0,0,1,1,0,0,0,0,0,1,0,0,0,0,1,0
462063905,47,112,737578.0,43621.0,71.5,0.0,47,0.4196428571428572,282,3,3,737564.8303571428,737516.5,737597.25,737472.0,737682.0,210.0,80.75,0,0,0,0,0,0,0,0,0,0,0,0,0,0,0,0,0,0,0,0,0,0,0,0,0,0,1,0,0,0
462064802,308,489,737598.0,44483.0,79.0,0.0,238,0.6298568507157464,22,1,1,737596.2862985685,737572.0,737629.0,737446.0,737686.0,240.0,57.0,0,0,0,0,0,0,0,0,0,0,0,0,1,0,0,1,0,0,1,0,0,1,1,0,0,0,0,1,0,1
462141701,1,1,737665.0,24057.0,32.0,0.0,0,1.0,262,3,3,737665.0,737665.0,737665.0,737665.0,737665.0,0.0,0.0,0,0,0,0,0,0,0,0,0,0,0,0,0,0,0,0,0,0,0,0,0,0,0,0,0,0,1,0,0,0
462141801,51,88,737616.0,47855.5,68.0,0.0,44,0.5795454545454546,6,1,1,737616.9204545454,737594.75,737641.0,737556.0,737677.0,121.0,46.25,0,0,0,0,0,0,0,0,0,0,0,0,0,0,0,0,0,0,0,0,0,0,0,0,0,0,1,0,0,0
462147218,50,83,737611.0,47889.0,72.0,0.0,49,0.6024096385542169,42,1,1,737612.7831325302,737584.0,737639.0,737544.0,737685.0,141.0,55.0,0,0,0,0,0,0,0,0,0,0,0,0,0,0,0,0,0,0,0,0,0,0,0,0,0,0,1,0,0,0
462147402,0,1,737660.0,5381.0,57.0,1.0,1,0.0,175,2,2,737660.0,737660.0,737660.0,737660.0,737660.0,0.0,0.0,0,0,0,0,0,0,0,0,0,0,0,0,0,0,0,0,0,0,0,0,0,0,0,0,0,0,1,0,0,0
462153311,29,62,737586.0,44999.0,71.5,0.0,28,0.4677419354838709,284,3,3,737584.0483870967,737565.25,737620.75,737486.0,737684.0,198.0,55.5,0,0,0,0,0,0,0,0,0,0,0,0,0,0,0,0,0,0,0,0,0,0,0,0,0,0,1,0,0,0
462277402,40,75,737620.0,49517.0,65.0,0.0,41,0.5333333333333333,82,1,1,737620.7333333333,737595.0,737644.5,737566.0,737683.0,117.0,49.5,0,0,0,0,0,0,0,0,0,0,0,0,0,0,0,0,0,0,0,0,0,0,0,0,0,0,1,0,0,0
462478304,1,1,737672.0,22527.0,115.0,2.0,2,1.0,308,3,3,737672.0,737672.0,737672.0,737672.0,737672.0,0.0,0.0,0,0,0,0,0,0,0,0,0,0,0,0,0,0,0,0,0,0,0,0,0,0,0,0,0,0,1,0,0,0
462520301,0,1,737573.0,81845.0,275.0,2.0,2,0.0,333,4,3,737573.0,737573.0,737573.0,737573.0,737573.0,0.0,0.0,0,0,0,0,0,0,0,0,0,0,0,0,0,0,0,0,0,0,0,0,0,0,0,0,0,0,1,0,0,0
462573010,3,7,737579.0,62380.0,108.0,0.0,3,0.42857142857142855,127,2,2,737603.0,737577.0,737620.5,737567.0,737680.0,113.0,43.5,0,0,0,0,0,0,0,0,0,0,0,0,0,0,0,0,0,0,0,0,0,0,0,0,0,0,1,0,0,0
462586601,11,17,737616.0,37393.0,85.0,0.0,8,0.6470588235294118,397,4,4,737621.8235294119,737606.0,737640.0,737583.0,737671.0,88.0,34.0,0,0,0,0,0,0,0,0,0,0,0,0,0,0,0,0,0,0,0,0,0,0,0,0,0,0,1,0,0,0
462587104,7,12,737587.0,36960.0,69.0,0.0,6,0.5833333333333334,337,4,3,737593.5833333335,737574.75,737599.75,737548.0,737655.0,107.0,25.0,0,0,0,0,0,0,0,0,0,0,0,0,0,0,0,0,0,0,0,0,0,0,0,0,0,0,1,0,0,0
462623402,23,33,737613.0,25248.0,86.0,0.0,14,0.696969696969697,160,2,2,737619.8484848484,737599.0,737643.0,737565.0,737683.0,118.0,44.0,0,0,0,0,0,0,0,0,0,0,0,0,0,0,0,0,0,0,0,0,0,0,0,0,0,0,1,0,0,0
462624604,14,23,737638.0,47305.0,92.0,0.0,17,0.6086956521739131,272,3,3,737635.5217391305,737610.5,737659.0,737583.0,737678.0,95.0,48.5,0,0,0,0,0,0,0,0,0,0,0,0,0,0,0,0,0,0,0,0,0,0,0,0,0,0,1,0,0,0
462765201,71,128,737600.0,42305.5,65.0,0.0,49,0.5546875,8,1,1,737595.125,737555.5,737640.25,737489.0,737686.0,197.0,84.75,0,0,0,0,0,0,0,0,0,0,0,0,0,0,0,0,0,0,0,0,0,0,0,0,0,0,1,0,0,0
462769501,1,1,737477.0,34320.0,98.0,4.0,4,1.0,415,4,4,737477.0,737477.0,737477.0,737477.0,737477.0,0.0,0.0,0,0,0,0,0,0,0,0,0,0,0,0,0,0,0,0,1,1,0,0,0,0,0,1,0,0,0,0,1,0
462825901,2,6,737667.5,27921.5,141.0,0.5,8,0.3333333333333333,123,2,2,737670.6666666665,737665.25,737675.0,737663.0,737684.0,21.0,9.75,0,0,0,0,0,0,0,0,0,0,0,0,0,0,0,0,0,0,0,0,0,0,0,0,0,0,1,0,0,0
462848501,2,8,737545.5,36974.0,78.5,0.0,3,0.25,423,5,4,737496.125,737401.0,737554.25,737392.0,737577.0,185.0,153.25,0,0,0,0,0,0,0,0,0,0,0,0,0,0,0,0,0,0,0,0,1,0,0,0,0,1,0,0,1,0
462899902,4,41,737465.0,44582.0,62.0,0.0,5,0.0975609756097561,294,3,3,737501.4878048779,737461.0,737558.0,737459.0,737663.0,204.0,97.0,0,0,0,0,0,0,0,0,0,0,0,0,0,0,0,0,1,0,0,0,0,0,0,0,0,0,0,0,1,0
462917710,49,112,737537.5,44597.0,72.0,0.0,44,0.4375,335,4,3,737537.9553571428,737481.75,737578.5,737463.0,737670.0,207.0,96.75,0,0,0,0,0,0,0,0,0,0,0,0,0,0,0,0,0,0,0,0,0,0,0,0,0,0,1,0,0,0
462951801,8,11,737621.0,39311.0,64.0,0.0,6,0.7272727272727273,266,3,3,737621.3636363636,737595.0,737638.0,737587.0,737685.0,98.0,43.0,0,0,0,0,0,0,0,0,0,0,0,0,0,0,0,0,0,0,0,0,0,0,0,0,0,0,1,0,0,0
462953103,0,1,737641.0,70158.0,86.0,1.0,1,0.0,390,4,4,737641.0,737641.0,737641.0,737641.0,737641.0,0.0,0.0,0,0,0,0,0,0,0,0,0,0,0,0,0,0,0,0,0,0,0,0,0,0,0,0,0,0,1,0,0,0
462953503,0,1,737624.0,22828.0,148.0,3.0,3,0.0,231,3,2,737624.0,737624.0,737624.0,737624.0,737624.0,0.0,0.0,0,0,0,0,0,0,0,0,0,0,0,0,0,0,0,0,0,0,0,0,0,0,0,0,0,0,1,0,0,0
462994402,1,1,737656.0,4589.0,222.0,2.0,2,1.0,27,1,1,737656.0,737656.0,737656.0,737656.0,737656.0,0.0,0.0,0,0,0,0,0,0,0,0,0,0,0,0,0,0,0,0,0,0,0,0,0,0,0,0,0,0,1,0,0,0
463017701,6,6,737657.5,46492.0,95.5,0.0,2,1.0,18,1,1,737658.1666666665,737655.5,737664.0,737642.0,737671.0,29.0,8.5,0,0,0,0,0,0,0,0,0,0,0,0,0,0,0,0,0,0,0,0,0,0,0,0,0,0,1,0,0,0
463020103,17,24,737637.0,41276.0,91.5,0.0,13,0.7083333333333334,275,3,3,737626.4166666665,737597.0,737650.0,737573.0,737678.0,105.0,53.0,0,0,0,0,0,0,0,0,0,0,0,0,0,0,0,0,0,0,0,0,0,0,0,0,0,0,1,0,0,0
463020303,0,1,737683.0,43281.0,51.0,0.0,0,0.0,202,2,2,737683.0,737683.0,737683.0,737683.0,737683.0,0.0,0.0,0,0,0,0,0,0,0,0,0,0,0,0,0,0,0,0,0,0,0,0,0,0,0,0,0,0,1,0,0,0
463047703,0,1,737576.0,28495.0,258.0,1.0,1,0.0,381,4,4,737576.0,737576.0,737576.0,737576.0,737576.0,0.0,0.0,0,0,0,0,0,0,0,0,0,0,0,0,0,0,0,0,0,0,0,0,0,0,0,0,0,0,1,0,0,0
463069201,7,12,737588.0,56097.5,60.0,1.0,11,0.5833333333333334,240,3,3,737605.25,737578.25,737634.25,737544.0,737682.0,138.0,56.0,0,0,0,0,0,0,0,0,0,0,0,0,0,0,0,0,0,0,0,0,0,0,0,0,0,0,1,0,0,0
463069303,17,25,737591.0,52344.0,81.0,0.0,10,0.68,292,3,3,737600.48,737571.0,737627.0,737534.0,737684.0,150.0,56.0,0,0,0,0,0,0,0,0,0,0,0,0,0,0,0,0,0,0,0,0,0,0,0,0,0,0,1,0,0,0
463069802,13,13,737600.0,54778.0,99.0,0.0,7,1.0,195,2,2,737609.6923076924,737586.0,737621.0,737559.0,737682.0,123.0,35.0,0,0,0,0,0,0,0,0,0,0,0,0,0,0,0,0,0,0,0,0,0,0,0,0,0,0,1,0,0,0
463069905,17,22,737590.0,29385.0,64.0,0.0,14,0.7727272727272727,115,2,1,737599.4545454546,737579.25,737618.25,737532.0,737682.0,150.0,39.0,0,0,0,0,0,0,0,0,0,0,0,0,0,0,0,0,0,0,0,0,0,0,0,0,0,0,1,0,0,0
463071102,0,1,737518.0,42534.0,77.0,2.0,2,0.0,404,4,4,737518.0,737518.0,737518.0,737518.0,737518.0,0.0,0.0,0,0,0,0,0,0,0,0,0,0,0,0,0,0,0,0,0,1,0,0,0,0,0,0,0,0,1,0,0,0
463089501,13,21,737620.0,39281.0,69.0,0.0,20,0.6190476190476191,189,2,2,737620.4285714284,737595.0,737648.0,737573.0,737685.0,112.0,53.0,0,0,0,0,0,0,0,0,0,0,0,0,0,0,0,0,0,0,0,0,0,0,0,0,0,0,1,0,0,0
463147401,1,1,737681.0,13013.0,111.0,1.0,1,1.0,86,1,1,737681.0,737681.0,737681.0,737681.0,737681.0,0.0,0.0,0,0,0,0,0,0,0,0,0,0,0,0,0,0,0,0,0,0,0,0,0,0,0,0,0,0,1,0,0,0
463254301,65,96,737612.5,42078.5,70.5,0.0,45,0.6770833333333334,21,1,1,737619.2916666665,737599.75,737643.0,737545.0,737683.0,138.0,43.25,0,0,0,0,0,0,0,0,0,0,0,0,0,0,0,0,0,0,0,0,0,0,0,0,0,0,1,0,0,0
463254604,0,1,737571.0,55256.0,108.0,1.0,1,0.0,334,4,3,737571.0,737571.0,737571.0,737571.0,737571.0,0.0,0.0,0,0,0,0,0,0,0,0,0,0,0,0,0,0,0,0,0,0,0,0,0,0,0,0,0,0,1,0,0,0
463272501,27,48,737631.5,42782.5,66.5,0.0,30,0.5625,71,1,1,737629.0416666665,737604.0,737652.0,737576.0,737682.0,106.0,48.0,0,0,0,0,0,0,0,0,0,0,0,0,0,0,0,0,0,0,0,0,0,0,0,0,0,0,1,0,0,0
463387801,46,70,737653.5,41519.0,90.5,0.0,33,0.6571428571428571,2,1,1,737651.3857142857,737635.25,737669.0,737595.0,737686.0,91.0,33.75,0,0,0,0,0,0,0,0,0,0,0,0,0,0,0,0,0,0,0,0,0,0,0,0,0,0,1,0,0,0
463399201,0,1,737640.0,38991.0,56.0,0.0,0,0.0,216,3,2,737640.0,737640.0,737640.0,737640.0,737640.0,0.0,0.0,0,0,0,0,0,0,0,0,0,0,0,0,0,0,0,0,0,0,0,0,0,0,0,0,0,0,1,0,0,0
463533312,13,28,737626.0,39390.5,69.0,0.0,9,0.4642857142857143,92,1,1,737631.4642857143,737609.0,737652.0,737575.0,737685.0,110.0,43.0,0,0,0,0,0,0,0,0,0,0,0,0,0,0,0,0,0,0,0,0,0,0,0,0,0,0,1,0,0,0
463567201,12,18,737526.5,45337.0,61.0,0.0,7,0.6666666666666666,418,5,4,737526.2222222221,737490.25,737562.0,737421.0,737645.0,224.0,71.75,0,0,0,0,0,0,0,0,0,0,0,0,0,0,0,0,0,0,0,0,0,0,0,0,0,0,1,0,0,0
463648105,20,33,737614.0,49598.0,55.0,0.0,12,0.6060606060606061,184,2,2,737613.6363636364,737597.0,737629.0,737568.0,737667.0,99.0,32.0,0,0,0,0,0,0,0,0,0,0,0,0,0,0,0,0,0,0,0,0,0,0,0,0,0,0,1,0,0,0
463653002,0,1,737662.0,46113.0,90.0,0.0,0,0.0,100,1,1,737662.0,737662.0,737662.0,737662.0,737662.0,0.0,0.0,0,0,0,0,0,0,0,0,0,0,0,0,0,0,0,0,0,0,0,0,0,0,0,0,0,0,1,0,0,0
463670401,3,32,737468.0,47048.0,69.0,0.0,0,0.09375,408,4,4,737470.1875,737467.0,737469.25,737467.0,737509.0,42.0,2.25,0,0,0,0,0,0,0,0,0,0,0,0,0,0,0,0,1,1,0,0,0,0,0,1,0,0,0,0,1,0
463673002,0,1,737500.0,71235.0,63.0,0.0,0,0.0,412,4,4,737500.0,737500.0,737500.0,737500.0,737500.0,0.0,0.0,0,0,0,0,0,0,0,0,0,0,0,0,0,0,0,0,0,1,0,0,0,0,0,1,0,0,0,0,1,0
463673601,34,60,737598.5,37713.0,74.5,0.0,24,0.5666666666666667,4,1,1,737602.5333333333,737573.0,737634.5,737538.0,737678.0,140.0,61.5,0,0,0,0,0,0,0,0,0,0,0,0,0,0,0,0,0,0,0,0,0,0,0,0,0,0,1,0,0,0
463751707,18,39,737628.0,42921.0,93.0,0.0,9,0.4615384615384616,220,3,2,737629.6410256409,737609.5,737652.5,737577.0,737685.0,108.0,43.0,0,0,0,0,0,0,0,0,0,0,0,0,0,0,0,0,0,0,0,0,0,0,0,0,0,0,1,0,0,0
463764502,5,12,737624.5,36315.5,71.0,0.0,9,0.4166666666666667,244,3,3,737612.8333333335,737575.0,737655.5,737537.0,737676.0,139.0,80.5,0,0,0,0,0,0,0,0,0,0,0,0,0,0,0,0,0,0,0,0,0,0,0,0,0,0,1,0,0,0
463765503,5,6,737601.5,22153.5,42.5,0.0,0,0.8333333333333334,243,3,3,737595.6666666665,737553.25,737619.75,737532.0,737676.0,144.0,66.5,0,0,0,0,0,0,0,0,0,0,0,0,0,0,0,0,0,0,0,0,0,0,0,0,0,0,1,0,0,0
463825901,5,12,737593.0,10130.0,105.5,0.5,13,0.4166666666666667,197,2,2,737590.1666666665,737540.5,737644.0,737515.0,737673.0,158.0,103.5,0,0,0,0,0,0,0,0,0,0,0,0,0,0,0,0,0,0,0,0,0,0,0,0,0,0,1,0,0,0
463833403,26,50,737597.5,48041.0,95.5,0.0,29,0.52,236,3,2,737606.4,737584.0,737628.0,737559.0,737675.0,116.0,44.0,0,0,0,0,0,0,0,0,0,0,0,0,0,0,0,0,0,0,0,0,0,0,0,0,0,0,1,0,0,0
463834702,65,111,737621.0,44982.0,69.0,0.0,39,0.5855855855855856,7,1,1,737617.3243243244,737574.5,737659.0,737541.0,737686.0,145.0,84.5,0,0,0,0,0,0,0,0,0,0,0,0,0,0,0,0,0,0,0,0,0,0,0,0,0,0,1,0,0,0
463986301,1,1,737678.0,25883.0,35.0,0.0,0,1.0,169,2,2,737678.0,737678.0,737678.0,737678.0,737678.0,0.0,0.0,0,0,0,0,0,0,0,0,0,0,0,0,0,0,0,0,0,0,0,0,0,0,0,0,0,0,1,0,0,0
464011702,8,42,737468.0,34182.5,60.0,0.0,4,0.19047619047619047,386,4,4,737498.1666666665,737465.25,737547.0,737460.0,737624.0,164.0,81.75,0,0,0,0,0,0,0,0,0,0,0,0,0,0,0,0,1,0,0,0,0,0,0,0,0,0,0,0,1,0
464022001,8,16,737604.5,38852.5,77.0,0.0,3,0.5,54,1,1,737603.4375,737556.75,737628.5,737539.0,737671.0,132.0,71.75,0,0,0,0,0,0,0,0,0,0,0,0,0,0,0,0,0,0,0,0,0,0,0,0,0,0,1,0,0,0
464032805,6,16,737628.5,59695.0,108.0,0.0,8,0.375,246,3,3,737615.3125,737593.25,737655.25,737452.0,737668.0,216.0,62.0,0,0,0,0,0,0,0,0,0,0,0,0,0,0,0,0,0,0,0,0,0,0,0,0,0,0,1,0,0,0
464033502,1,1,737525.0,7824.0,120.0,0.0,0,1.0,383,4,4,737525.0,737525.0,737525.0,737525.0,737525.0,0.0,0.0,0,0,0,0,0,0,0,0,0,0,0,0,0,0,0,0,0,0,0,0,0,0,0,0,0,0,1,0,0,0
464065903,6,8,737623.5,43307.5,81.0,0.0,4,0.75,355,4,3,737594.625,737548.25,737638.5,737445.0,737682.0,237.0,90.25,0,0,0,0,0,0,0,0,0,0,0,0,0,0,0,0,0,0,0,0,0,0,0,0,0,0,1,0,0,0
464067503,5,6,737570.5,38841.0,104.5,1.5,8,0.8333333333333334,351,4,3,737569.5,737552.0,737585.25,737544.0,737596.0,52.0,33.25,0,0,0,0,0,0,0,0,0,0,0,0,0,0,0,0,0,0,0,0,0,0,0,0,0,0,1,0,0,0
464070903,0,1,737659.0,27825.0,95.0,0.0,0,0.0,178,2,2,737659.0,737659.0,737659.0,737659.0,737659.0,0.0,0.0,0,0,0,0,0,0,0,0,0,0,0,0,0,0,0,0,0,0,0,0,0,0,0,0,0,0,1,0,0,0
464142501,40,71,737603.0,40997.0,69.0,0.0,40,0.5633802816901409,31,1,1,737605.1408450705,737572.5,737641.0,737531.0,737685.0,154.0,68.5,0,0,0,0,0,0,0,0,0,0,0,0,0,0,0,0,0,0,0,0,0,0,0,0,0,0,1,0,0,0
464155301,7,11,737588.0,63673.0,74.0,0.0,5,0.6363636363636364,157,2,2,737611.2727272727,737582.5,737647.0,737559.0,737681.0,122.0,64.5,0,0,0,0,0,0,0,0,0,0,0,0,0,0,0,0,0,0,0,0,0,0,0,0,0,0,1,0,0,0
464186202,9,13,737604.0,35295.0,65.0,0.0,3,0.6923076923076923,196,2,2,737613.4615384616,737593.0,737635.0,737557.0,737684.0,127.0,42.0,0,0,0,0,0,0,0,0,0,0,0,0,0,0,0,0,0,0,0,0,0,0,0,0,0,0,1,0,0,0
464233003,5,10,737612.5,27715.5,85.0,0.0,1,0.5,280,3,3,737617.8,737601.75,737643.5,737568.0,737659.0,91.0,41.75,0,0,0,0,0,0,0,0,0,0,0,0,0,0,0,0,0,0,0,0,0,0,0,0,0,0,1,0,0,0
464234502,11,19,737609.0,35168.0,77.0,0.0,8,0.5789473684210527,194,2,2,737611.7894736843,737598.0,737627.5,737565.0,737674.0,109.0,29.5,0,0,0,0,0,0,0,0,0,0,0,0,0,0,0,0,0,0,0,0,0,0,0,0,0,0,1,0,0,0
464237602,0,24,737468.0,63397.0,54.0,0.0,0,0.0,416,5,4,737462.7916666665,737451.0,737472.0,737441.0,737482.0,41.0,21.0,0,0,0,0,0,0,0,0,0,0,0,0,0,0,0,0,1,1,0,0,0,0,0,1,0,0,0,0,1,0
464237705,7,13,737564.0,43750.0,96.0,0.0,1,0.5384615384615384,293,3,3,737575.0769230769,737519.0,737648.0,737485.0,737671.0,186.0,129.0,0,0,0,0,0,0,0,0,0,0,0,0,0,0,0,0,0,0,0,0,0,0,0,0,0,0,1,0,0,0
464330702,1,1,737650.0,50407.0,65.0,0.0,0,1.0,41,1,1,737650.0,737650.0,737650.0,737650.0,737650.0,0.0,0.0,0,0,0,0,0,0,0,0,0,0,0,0,0,0,0,0,0,0,0,0,0,0,0,0,0,0,1,0,0,0
464332901,0,1,737679.0,62819.0,46.0,0.0,0,0.0,84,1,1,737679.0,737679.0,737679.0,737679.0,737679.0,0.0,0.0,0,0,0,0,0,0,0,0,0,0,0,0,0,0,0,0,0,0,0,0,0,0,0,0,0,0,1,0,0,0
464341803,7,13,737600.0,49186.0,62.0,0.0,3,0.5384615384615384,340,4,3,737595.2307692308,737580.0,737610.0,737550.0,737650.0,100.0,30.0,0,0,0,0,0,0,0,0,0,0,0,0,0,0,0,0,0,0,0,0,0,0,0,0,0,0,1,0,0,0
464381801,6,16,737582.5,37611.0,123.5,0.0,10,0.375,163,2,2,737600.9375,737569.0,737649.75,737542.0,737685.0,143.0,80.75,0,0,0,0,0,0,0,0,0,0,0,0,0,0,0,0,0,0,0,0,0,0,0,0,0,0,1,0,0,0
464402303,7,11,737610.0,41876.0,76.0,1.0,10,0.6363636363636364,344,4,3,737608.6363636364,737595.5,737623.5,737550.0,737661.0,111.0,28.0,0,0,0,0,0,0,0,0,0,0,0,0,0,0,0,0,0,0,0,0,0,0,0,0,0,0,1,0,0,0
464402603,17,38,737598.0,40444.5,82.5,0.0,11,0.4473684210526316,164,2,2,737600.3157894737,737562.5,737632.75,737534.0,737681.0,147.0,70.25,0,0,0,0,0,0,0,0,0,0,0,0,0,0,0,0,0,0,0,0,0,0,0,0,0,0,1,0,0,0
464427101,1,1,737670.0,73578.0,58.0,0.0,0,1.0,122,2,2,737670.0,737670.0,737670.0,737670.0,737670.0,0.0,0.0,0,0,0,0,0,0,0,0,0,0,0,0,0,0,0,0,0,0,0,0,0,0,0,0,0,0,1,0,0,0
464450908,8,14,737595.5,41461.5,78.5,0.0,2,0.5714285714285714,267,3,3,737597.1428571428,737578.0,737618.5,737551.0,737650.0,99.0,40.5,0,0,0,0,0,0,0,0,0,0,0,0,0,0,0,0,0,0,0,0,0,0,0,0,0,0,1,0,0,0
464451110,25,38,737605.0,45438.0,60.5,0.0,16,0.6578947368421053,233,3,2,737610.394736842,737581.75,737638.5,737548.0,737685.0,137.0,56.75,0,0,0,0,0,0,0,0,0,0,0,0,0,0,0,0,0,0,0,0,0,0,0,0,0,0,1,0,0,0
464452102,1,1,737582.0,6886.0,170.0,0.0,0,1.0,296,3,3,737582.0,737582.0,737582.0,737582.0,737582.0,0.0,0.0,0,0,0,0,0,0,0,0,0,0,0,0,0,0,0,0,0,0,0,0,0,0,0,0,0,0,1,0,0,0
464452905,7,7,737599.0,46166.0,47.0,0.0,0,1.0,167,2,2,737578.2857142857,737516.0,737624.5,737504.0,737664.0,160.0,108.5,0,0,0,0,0,0,0,0,0,0,0,0,0,0,0,0,0,0,0,0,0,0,0,0,0,0,1,0,0,0
464453201,25,60,737553.5,38584.5,58.5,0.0,13,0.4166666666666667,350,4,3,737545.1166666667,737483.75,737581.5,737479.0,737676.0,197.0,97.75,0,0,0,0,0,0,0,0,0,0,0,0,0,0,0,0,0,0,0,0,0,0,0,0,0,0,1,0,0,0
464454206,9,13,737579.0,41670.0,86.0,1.0,12,0.6923076923076923,352,4,3,737578.3076923076,737545.0,737598.0,737506.0,737641.0,135.0,53.0,0,0,0,0,0,0,0,0,0,0,0,0,0,0,0,0,0,0,0,0,0,0,0,0,0,0,1,0,0,0
464462101,0,1,737609.0,67887.0,66.0,1.0,1,0.0,380,4,4,737609.0,737609.0,737609.0,737609.0,737609.0,0.0,0.0,0,0,0,0,0,0,0,0,0,0,0,0,0,0,0,0,0,0,0,0,0,0,0,0,0,0,1,0,0,0
464462202,1,1,737664.0,74547.0,250.0,2.0,2,1.0,64,1,1,737664.0,737664.0,737664.0,737664.0,737664.0,0.0,0.0,0,0,0,0,0,0,0,0,0,0,0,0,0,0,0,0,0,0,0,0,0,0,0,0,0,0,1,0,0,0
464462502,11,12,737627.5,50359.0,112.0,0.0,6,0.9166666666666666,188,2,2,737633.8333333335,737615.0,737657.25,737597.0,737675.0,78.0,42.25,0,0,0,0,0,0,0,0,0,0,0,0,0,0,0,0,0,0,0,0,0,0,0,0,0,0,1,0,0,0
464471602,1,1,737612.0,37983.0,58.0,0.0,0,1.0,108,2,1,737612.0,737612.0,737612.0,737612.0,737612.0,0.0,0.0,0,0,0,0,0,0,0,0,0,0,0,0,0,0,0,0,0,0,0,0,0,0,0,0,0,0,1,0,0,0
464474116,7,16,737599.5,47066.5,65.5,0.0,2,0.4375,264,3,3,737603.3125,737593.75,737614.5,737568.0,737638.0,70.0,20.75,0,0,0,0,0,0,0,0,0,0,0,0,0,0,0,0,0,0,0,0,0,0,0,0,0,0,1,0,0,0
464560301,2,8,737629.5,51718.0,117.0,0.5,8,0.25,279,3,3,737621.125,737602.75,737639.0,737577.0,737660.0,83.0,36.25,0,0,0,0,0,0,0,0,0,0,0,0,0,0,0,0,0,0,0,0,0,0,0,0,0,0,1,0,0,0
464609206,23,42,737624.0,36212.0,73.5,0.0,10,0.5476190476190477,152,2,2,737623.3333333335,737598.0,737642.0,737582.0,737676.0,94.0,44.0,0,0,0,0,0,0,0,0,0,0,0,0,0,0,0,0,0,0,0,0,0,0,0,0,0,0,1,0,0,0
464620302,5,6,737565.0,30883.5,61.0,0.0,3,0.8333333333333334,405,4,4,737563.5,737559.0,737576.25,737523.0,737591.0,68.0,17.25,0,0,0,0,0,0,0,0,0,0,0,0,0,0,0,0,0,0,0,0,0,0,0,0,0,0,1,0,0,0
464627502,174,364,737600.0,38845.0,64.0,0.0,124,0.4780219780219781,43,1,1,737599.8598901099,737577.0,737634.25,737507.0,737685.0,178.0,57.25,0,0,0,0,0,0,0,0,0,0,0,0,0,0,0,0,0,0,1,0,0,1,1,0,0,0,1,0,0,0
464641503,1,1,737593.0,7027.0,112.0,3.0,3,1.0,406,4,4,737593.0,737593.0,737593.0,737593.0,737593.0,0.0,0.0,0,0,0,0,0,0,0,0,0,0,0,0,0,0,0,0,0,0,0,0,0,0,0,0,0,0,1,0,0,0
464651402,1,1,737666.0,11140.0,135.0,1.0,1,1.0,213,3,2,737666.0,737666.0,737666.0,737666.0,737666.0,0.0,0.0,0,0,0,0,0,0,0,0,0,0,0,0,0,0,0,0,0,0,0,0,0,0,0,0,0,0,1,0,0,0
464651802,54,86,737617.5,32372.0,79.0,0.0,53,0.627906976744186,14,1,1,737621.0232558141,737594.0,737647.5,737552.0,737684.0,132.0,53.5,0,0,0,0,0,0,0,0,0,0,0,0,0,0,0,0,0,0,0,0,0,0,0,0,0,0,1,0,0,0
464652701,27,45,737622.0,38988.0,89.0,0.0,35,0.6,73,1,1,737624.7333333333,737601.0,737658.0,737550.0,737682.0,132.0,57.0,0,0,0,0,0,0,0,0,0,0,0,0,0,0,0,0,0,0,0,0,0,0,0,0,0,0,1,0,0,0
464652902,81,135,737621.0,43612.0,82.0,0.0,83,0.6,114,2,1,737622.6888888889,737595.5,737652.5,737561.0,737686.0,125.0,57.0,0,0,0,0,0,0,0,0,0,0,0,0,0,0,0,0,0,0,0,0,0,0,0,0,0,0,1,0,0,0
464662901,11,24,737622.5,33305.5,63.5,0.0,13,0.4583333333333333,132,2,2,737622.0,737599.0,737642.75,737574.0,737678.0,104.0,43.75,0,0,0,0,0,0,0,0,0,0,0,0,0,0,0,0,0,0,0,0,0,0,0,0,0,0,1,0,0,0
464667001,16,34,737587.5,43675.0,87.5,0.0,23,0.4705882352941176,166,2,2,737586.0882352941,737560.25,737607.5,737538.0,737652.0,114.0,47.25,0,0,0,0,0,0,0,0,0,0,0,0,0,0,0,0,0,0,0,0,0,0,0,0,0,0,1,0,0,0
464706403,12,15,737619.0,38735.0,61.0,0.0,8,0.8,234,3,2,737623.2,737604.0,737640.5,737581.0,737670.0,89.0,36.5,0,0,0,0,0,0,0,0,0,0,0,0,0,0,0,0,0,0,0,0,0,0,0,0,0,0,1,0,0,0
464719903,3,7,737617.0,29195.0,60.0,0.0,3,0.42857142857142855,229,3,2,737622.0,737602.5,737633.5,737588.0,737677.0,89.0,31.0,0,0,0,0,0,0,0,0,0,0,0,0,0,0,0,0,0,0,0,0,0,0,0,0,0,0,1,0,0,0
464753803,13,17,737615.0,31091.0,85.0,0.0,14,0.7647058823529411,278,3,3,737618.7647058823,737596.0,737633.0,737579.0,737672.0,93.0,37.0,0,0,0,0,0,0,0,0,0,0,0,0,0,0,0,0,0,0,0,0,0,0,0,0,0,0,1,0,0,0
464765101,1,1,737601.0,7372.0,70.0,1.0,1,1.0,339,4,3,737601.0,737601.0,737601.0,737601.0,737601.0,0.0,0.0,0,0,0,0,0,0,0,0,0,0,0,0,0,0,0,0,0,0,0,0,0,0,0,0,0,0,1,0,0,0
464766201,5,9,737593.0,41164.0,74.0,1.0,9,0.5555555555555556,400,4,4,737599.7777777779,737587.0,737612.0,737566.0,737633.0,67.0,25.0,0,0,0,0,0,0,0,0,0,0,0,0,0,0,0,0,0,0,0,0,0,0,0,0,0,0,1,0,0,0
464767002,8,13,737611.0,48614.0,64.0,0.0,4,0.6153846153846154,192,2,2,737618.3846153845,737598.0,737648.0,737582.0,737676.0,94.0,50.0,0,0,0,0,0,0,0,0,0,0,0,0,0,0,0,0,0,0,0,0,0,0,0,0,0,0,1,0,0,0
464791101,0,1,737614.0,12650.0,38.0,0.0,0,0.0,277,3,3,737614.0,737614.0,737614.0,737614.0,737614.0,0.0,0.0,0,0,0,0,0,0,0,0,0,0,0,0,0,0,0,0,0,0,0,0,0,0,0,0,0,0,1,0,0,0
464794001,0,1,737683.0,16643.0,142.0,0.0,0,0.0,57,1,1,737683.0,737683.0,737683.0,737683.0,737683.0,0.0,0.0,0,0,0,0,0,0,0,0,0,0,0,0,0,0,0,0,0,0,0,0,0,0,0,0,0,0,1,0,0,0
464829405,1,1,737607.0,53082.0,37.0,1.0,1,1.0,256,3,3,737607.0,737607.0,737607.0,737607.0,737607.0,0.0,0.0,0,0,0,0,0,0,0,0,0,0,0,0,0,0,0,0,0,0,0,0,0,0,0,0,0,0,1,0,0,0
464838505,10,14,737605.5,46353.5,42.0,0.0,3,0.7142857142857143,191,2,2,737608.1428571428,737590.75,737627.0,737572.0,737659.0,87.0,36.25,0,0,0,0,0,0,0,0,0,0,0,0,0,0,0,0,0,0,0,0,0,0,0,0,0,0,1,0,0,0
464838802,27,54,737611.0,45032.0,71.5,0.0,33,0.5,94,1,1,737615.6851851852,737592.75,737639.5,737563.0,737680.0,117.0,46.75,0,0,0,0,0,0,0,0,0,0,0,0,0,0,0,0,0,0,0,0,0,0,0,0,0,0,1,0,0,0
464862401,1,1,737671.0,69801.0,64.0,0.0,0,1.0,362,4,4,737671.0,737671.0,737671.0,737671.0,737671.0,0.0,0.0,0,0,0,0,0,0,0,0,0,0,0,0,0,0,0,0,0,0,0,0,0,0,0,0,0,0,1,0,0,0
464940903,10,16,737605.0,45295.0,69.0,0.0,8,0.625,162,2,2,737610.375,737585.25,737630.0,737550.0,737685.0,135.0,44.75,0,0,0,0,0,0,0,0,0,0,0,0,0,0,0,0,0,0,0,0,0,0,0,0,0,0,1,0,0,0
464952103,1,1,737672.0,83318.0,56.0,1.0,1,1.0,207,2,2,737672.0,737672.0,737672.0,737672.0,737672.0,0.0,0.0,0,0,0,0,0,0,0,0,0,0,0,0,0,0,0,0,0,0,0,0,0,0,0,0,0,0,1,0,0,0
465012004,1,1,737664.0,19976.0,155.0,1.0,1,1.0,126,2,2,737664.0,737664.0,737664.0,737664.0,737664.0,0.0,0.0,0,0,0,0,0,0,0,0,0,0,0,0,0,0,0,0,0,0,0,0,0,0,0,0,0,0,1,0,0,0
465017905,15,29,737613.0,51503.0,90.0,0.0,20,0.5172413793103449,155,2,2,737617.2068965519,737601.0,737636.0,737558.0,737663.0,105.0,35.0,0,0,0,0,0,0,0,0,0,0,0,0,0,0,0,0,0,0,0,0,0,0,0,0,0,0,1,0,0,0
465054103,35,51,737630.0,51574.0,82.0,0.0,23,0.6862745098039216,276,3,3,737630.0392156863,737611.0,737652.0,737567.0,737676.0,109.0,41.0,0,0,0,0,0,0,0,0,0,0,0,0,0,0,0,0,0,0,0,0,0,0,0,0,0,0,1,0,0,0
465060807,12,17,737601.0,38960.0,64.0,0.0,4,0.7058823529411765,326,4,3,737604.1176470588,737582.0,737633.0,737525.0,737677.0,152.0,51.0,0,0,0,0,0,0,0,0,0,0,0,0,0,0,0,0,0,0,0,0,0,0,0,0,0,0,1,0,0,0
465062301,1,1,737678.0,25893.0,59.0,0.0,0,1.0,76,1,1,737678.0,737678.0,737678.0,737678.0,737678.0,0.0,0.0,0,0,0,0,0,0,0,0,0,0,0,0,0,0,0,0,0,0,0,0,0,0,0,0,0,0,1,0,0,0
465067602,14,27,737618.0,41693.0,69.0,0.0,15,0.5185185185185185,289,3,3,737617.4074074073,737594.0,737638.5,737567.0,737671.0,104.0,44.5,0,0,0,0,0,0,0,0,0,0,0,0,0,0,0,0,0,0,0,0,0,0,0,0,0,0,1,0,0,0
465072403,1,1,737671.0,69781.0,64.0,0.0,0,1.0,85,1,1,737671.0,737671.0,737671.0,737671.0,737671.0,0.0,0.0,0,0,0,0,0,0,0,0,0,0,0,0,0,0,0,0,0,0,0,0,0,0,0,0,0,0,1,0,0,0
465111908,19,27,737617.0,45262.0,73.0,0.0,9,0.7037037037037037,268,3,3,737619.9629629629,737600.5,737642.5,737561.0,737683.0,122.0,42.0,0,0,0,0,0,0,0,0,0,0,0,0,0,0,0,0,0,0,0,0,0,0,0,0,0,0,1,0,0,0
465114709,18,25,737657.0,27530.0,69.0,0.0,18,0.72,29,1,1,737645.68,737636.0,737670.0,737563.0,737679.0,116.0,34.0,0,0,0,0,0,0,0,0,0,0,0,0,0,0,0,0,0,0,0,0,0,0,0,0,0,0,1,0,0,0
465162803,1,1,737551.0,79757.0,104.0,0.0,0,1.0,347,4,3,737551.0,737551.0,737551.0,737551.0,737551.0,0.0,0.0,0,0,0,0,0,0,0,0,0,0,0,0,0,0,0,0,0,0,0,0,0,0,0,0,0,0,1,0,0,0
465167209,55,100,737634.5,49257.5,64.0,0.0,60,0.55,81,1,1,737634.3,737608.5,737666.0,737571.0,737684.0,113.0,57.5,0,0,0,0,0,0,0,0,0,0,0,0,0,0,0,0,0,0,0,0,0,0,0,0,0,0,1,0,0,0
465167502,1,1,737686.0,20078.0,37.0,0.0,0,1.0,9,1,1,737686.0,737686.0,737686.0,737686.0,737686.0,0.0,0.0,0,0,0,0,0,0,0,0,0,0,0,0,0,0,0,0,0,0,0,0,0,0,0,0,0,0,1,0,0,0
465209601,0,1,737675.0,9876.0,76.0,1.0,1,0.0,176,2,2,737675.0,737675.0,737675.0,737675.0,737675.0,0.0,0.0,0,0,0,0,0,0,0,0,0,0,0,0,0,0,0,0,0,0,0,0,0,0,0,0,0,0,1,0,0,0
465374201,1,1,737666.0,22159.0,136.0,1.0,1,1.0,121,2,2,737666.0,737666.0,737666.0,737666.0,737666.0,0.0,0.0,0,0,0,0,0,0,0,0,0,0,0,0,0,0,0,0,0,0,0,0,0,0,0,0,0,0,1,0,0,0
465378901,1,1,737605.0,76053.0,173.0,3.0,3,1.0,273,3,3,737605.0,737605.0,737605.0,737605.0,737605.0,0.0,0.0,0,0,0,0,0,0,0,0,0,0,0,0,0,0,0,0,0,0,0,0,0,0,0,0,0,0,1,0,0,0
465423501,2,6,737641.5,40458.0,68.5,0.0,4,0.3333333333333333,185,2,2,737626.0,737603.0,737648.5,737582.0,737650.0,68.0,45.5,0,0,0,0,0,0,0,0,0,0,0,0,0,0,0,0,0,0,0,0,0,0,0,0,0,0,1,0,0,0
465585902,1,1,737671.0,69758.0,64.0,0.0,0,1.0,55,1,1,737671.0,737671.0,737671.0,737671.0,737671.0,0.0,0.0,0,0,0,0,0,0,0,0,0,0,0,0,0,0,0,0,0,0,0,0,0,0,0,0,0,0,1,0,0,0
465618402,1,1,737643.0,53876.0,121.0,2.0,2,1.0,149,2,2,737643.0,737643.0,737643.0,737643.0,737643.0,0.0,0.0,0,0,0,0,0,0,0,0,0,0,0,0,0,0,0,0,0,0,0,0,0,0,0,0,0,0,1,0,0,0
465618601,5,10,737622.5,52124.0,142.0,0.5,8,0.5,131,2,2,737633.4,737614.75,737661.5,737598.0,737678.0,80.0,46.75,0,0,0,0,0,0,0,0,0,0,0,0,0,0,0,0,0,0,0,0,0,0,0,0,0,0,1,0,0,0
465649809,41,66,737616.5,42362.5,56.5,0.0,21,0.6212121212121212,63,1,1,737617.9242424242,737597.25,737646.25,737521.0,737686.0,165.0,49.0,0,0,0,0,0,0,0,0,0,0,0,0,0,0,0,0,0,0,0,0,0,0,0,0,0,0,1,0,0,0
465656610,5,14,737614.0,47698.5,57.5,0.0,9,0.35714285714285715,182,2,2,737624.2142857143,737609.25,737642.75,737593.0,737674.0,81.0,33.5,0,0,0,0,0,0,0,0,0,0,0,0,0,0,0,0,0,0,0,0,0,0,0,0,0,0,1,0,0,0
465664609,51,80,737616.0,48515.5,71.5,0.0,32,0.6375,39,1,1,737623.6875,737598.75,737649.25,737572.0,737685.0,113.0,50.5,0,0,0,0,0,0,0,0,0,0,0,0,0,0,0,0,0,0,0,0,0,0,0,0,0,0,1,0,0,0
465703501,0,1,737671.0,37012.0,106.0,0.0,0,0.0,301,3,3,737671.0,737671.0,737671.0,737671.0,737671.0,0.0,0.0,0,0,0,0,0,0,0,0,0,0,0,0,0,0,0,0,0,0,0,0,0,0,0,0,0,0,1,0,0,0
465708802,9,12,737612.0,34952.0,83.5,0.0,2,0.75,287,3,3,737604.5,737581.5,737628.25,737553.0,737642.0,89.0,46.75,0,0,0,0,0,0,0,0,0,0,0,0,0,0,0,0,0,0,0,0,0,0,0,0,0,0,1,0,0,0
465719003,0,1,737636.0,17293.0,129.0,0.0,0,0.0,238,3,2,737636.0,737636.0,737636.0,737636.0,737636.0,0.0,0.0,0,0,0,0,0,0,0,0,0,0,0,0,0,0,0,0,0,0,0,0,0,0,0,0,0,0,1,0,0,0
465736707,12,19,737619.0,32223.0,69.0,0.0,7,0.631578947368421,239,3,2,737613.2631578947,737589.5,737633.5,737537.0,737685.0,148.0,44.0,0,0,0,0,0,0,0,0,0,0,0,0,0,0,0,0,0,0,0,0,0,0,0,0,0,0,1,0,0,0
465789506,23,32,737633.0,35844.0,67.0,0.0,5,0.71875,217,3,2,737630.40625,737602.0,737659.75,737596.0,737671.0,75.0,57.75,0,0,0,0,0,0,0,0,0,0,0,0,0,0,0,0,0,0,0,0,0,0,0,0,0,0,1,0,0,0
465805601,1,1,737671.0,31322.0,37.0,1.0,1,1.0,208,3,2,737671.0,737671.0,737671.0,737671.0,737671.0,0.0,0.0,0,0,0,0,0,0,0,0,0,0,0,0,0,0,0,0,0,0,0,0,0,0,0,0,0,0,1,0,0,0
465810501,1,1,737674.0,7035.0,99.0,0.0,0,1.0,93,1,1,737674.0,737674.0,737674.0,737674.0,737674.0,0.0,0.0,0,0,0,0,0,0,0,0,0,0,0,0,0,0,0,0,0,0,0,0,0,0,0,0,0,0,1,0,0,0
465812802,1,1,737642.0,19323.0,135.0,4.0,4,1.0,403,4,4,737642.0,737642.0,737642.0,737642.0,737642.0,0.0,0.0,0,0,0,0,0,0,0,0,0,0,0,0,0,0,0,0,0,0,0,0,0,0,0,0,0,0,1,0,0,0
465815401,9,17,737579.0,33738.0,87.0,0.0,7,0.5294117647058824,241,3,3,737582.1176470588,737564.0,737593.0,737547.0,737644.0,97.0,29.0,0,0,0,0,0,0,0,0,0,0,0,0,0,0,0,0,0,0,0,0,0,0,0,0,0,0,1,0,0,0
465820202,12,21,737586.0,49473.0,49.0,0.0,9,0.5714285714285714,290,3,3,737591.9047619047,737573.0,737612.0,737544.0,737670.0,126.0,39.0,0,0,0,0,0,0,0,0,0,0,0,0,0,0,0,0,0,0,0,0,0,0,0,0,0,0,1,0,0,0
465854702,18,28,737597.5,43989.5,95.0,0.0,11,0.6428571428571429,285,3,3,737601.1428571428,737577.0,737624.75,737550.0,737653.0,103.0,47.75,0,0,0,0,0,0,0,0,0,0,0,0,0,0,0,0,0,0,0,0,0,0,0,0,0,0,1,0,0,0
465878612,22,45,737635.0,45449.0,90.0,0.0,28,0.4888888888888889,154,2,2,737633.7777777779,737623.0,737653.0,737576.0,737680.0,104.0,30.0,0,0,0,0,0,0,0,0,0,0,0,0,0,0,0,0,0,0,0,0,0,0,0,0,0,0,1,0,0,0
465885706,13,32,737585.0,36855.0,79.0,0.5,23,0.40625,367,4,4,737585.5,737560.5,737598.25,737545.0,737658.0,113.0,37.75,0,0,0,0,0,0,0,0,0,0,0,0,0,0,0,0,0,0,0,0,0,0,0,0,0,0,1,0,0,0
465901402,0,1,737617.0,17476.0,109.0,0.0,0,0.0,319,4,3,737617.0,737617.0,737617.0,737617.0,737617.0,0.0,0.0,0,0,0,0,0,0,0,0,0,0,0,0,0,0,0,0,0,0,0,0,0,0,0,0,0,0,1,0,0,0
465914802,1,1,737677.0,54452.0,37.0,0.0,0,1.0,209,3,2,737677.0,737677.0,737677.0,737677.0,737677.0,0.0,0.0,0,0,0,0,0,0,0,0,0,0,0,0,0,0,0,0,0,0,0,0,0,0,0,0,0,0,1,0,0,0
465979201,17,27,737588.0,49457.0,69.0,0.0,12,0.6296296296296297,343,4,3,737589.3703703703,737567.5,737607.0,737540.0,737665.0,125.0,39.5,0,0,0,0,0,0,0,0,0,0,0,0,0,0,0,0,0,0,0,0,0,0,0,0,0,0,1,0,0,0
465981503,4,7,737565.0,50352.0,58.0,0.0,3,0.5714285714285714,382,4,4,737584.8571428572,737544.5,737618.0,737526.0,737678.0,152.0,73.5,0,0,0,0,0,0,0,0,0,0,0,0,0,0,0,0,0,0,0,0,0,0,0,0,0,0,1,0,0,0
465982001,10,14,737606.0,49533.5,66.5,0.0,9,0.7142857142857143,401,4,4,737610.7142857143,737580.5,737647.75,737550.0,737669.0,119.0,67.25,0,0,0,0,0,0,0,0,0,0,0,0,0,0,0,0,0,0,0,0,0,0,0,0,0,0,1,0,0,0
465983101,13,29,737586.0,33277.0,65.0,0.0,7,0.4482758620689655,291,3,3,737586.7586206895,737550.0,737611.0,737521.0,737673.0,152.0,61.0,0,0,0,0,0,0,0,0,0,0,0,0,0,0,0,0,0,0,0,0,0,0,0,0,0,0,1,0,0,0
465985512,6,8,737556.5,72068.0,73.0,0.0,1,0.75,346,4,3,737559.0,737533.0,737571.5,737510.0,737625.0,115.0,38.5,0,0,0,0,0,0,0,0,0,0,0,0,0,0,0,0,0,0,0,0,0,0,0,0,0,0,1,0,0,0
465992703,17,28,737617.0,39019.0,89.5,0.0,6,0.6071428571428571,139,2,2,737610.4642857143,737583.5,737640.25,737544.0,737676.0,132.0,56.75,0,0,0,0,0,0,0,0,0,0,0,0,0,0,0,0,0,0,0,0,0,0,0,0,0,0,1,0,0,0
466000602,1,1,737604.0,17889.0,65.0,3.0,3,1.0,345,4,3,737604.0,737604.0,737604.0,737604.0,737604.0,0.0,0.0,0,0,0,0,0,0,0,0,0,0,0,0,0,0,0,0,0,0,0,0,0,0,0,0,0,0,1,0,0,0
466002404,36,56,737605.0,39913.0,59.0,0.0,23,0.6428571428571429,140,2,2,737615.2678571428,737587.5,737642.0,737550.0,737686.0,136.0,54.5,0,0,0,0,0,0,0,0,0,0,0,0,0,0,0,0,0,0,0,0,0,0,0,0,0,0,1,0,0,0
466028901,4,6,737653.0,41962.5,68.0,0.0,0,0.6666666666666666,317,4,3,737646.0,737628.25,737662.0,737602.0,737683.0,81.0,33.75,0,0,0,0,0,0,0,0,0,0,0,0,0,0,0,0,0,0,0,0,0,0,0,0,0,0,1,0,0,0
466029402,0,1,737674.0,77703.0,125.0,1.0,1,0.0,252,3,3,737674.0,737674.0,737674.0,737674.0,737674.0,0.0,0.0,0,0,0,0,0,0,0,0,0,0,0,0,0,0,0,0,0,0,0,0,0,0,0,0,0,0,1,0,0,0
466030209,36,50,737583.0,37968.0,64.5,0.0,20,0.72,133,2,2,737592.98,737566.25,737609.0,737542.0,737669.0,127.0,42.75,0,0,0,0,0,0,0,0,0,0,0,0,0,0,0,0,0,0,0,0,0,0,0,0,0,0,1,0,0,0
466031702,1,1,737599.0,69700.0,114.0,1.0,1,1.0,342,4,3,737599.0,737599.0,737599.0,737599.0,737599.0,0.0,0.0,0,0,0,0,0,0,0,0,0,0,0,0,0,0,0,0,0,0,0,0,0,0,0,0,0,0,1,0,0,0
466032403,0,1,737591.0,54450.0,213.0,0.0,0,0.0,374,4,4,737591.0,737591.0,737591.0,737591.0,737591.0,0.0,0.0,0,0,0,0,0,0,0,0,0,0,0,0,0,0,0,0,0,0,0,0,0,0,0,0,0,0,1,0,0,0
466071003,0,1,737673.0,77890.0,61.0,1.0,1,0.0,311,3,3,737673.0,737673.0,737673.0,737673.0,737673.0,0.0,0.0,0,0,0,0,0,0,0,0,0,0,0,0,0,0,0,0,0,0,0,0,0,0,0,0,0,0,1,0,0,0
466112603,4,6,737624.0,48334.5,59.0,0.0,1,0.6666666666666666,186,2,2,737622.8333333335,737592.75,737641.75,737584.0,737675.0,91.0,49.0,0,0,0,0,0,0,0,0,0,0,0,0,0,0,0,0,0,0,0,0,0,0,0,0,0,0,1,0,0,0
466124606,20,37,737592.0,42221.0,72.0,0.0,16,0.5405405405405406,230,3,2,737596.1081081082,737574.0,737617.0,737545.0,737666.0,121.0,43.0,0,0,0,0,0,0,0,0,0,0,0,0,0,0,0,0,0,0,0,0,0,0,0,0,0,0,1,0,0,0
466131601,11,16,737635.5,23174.0,63.5,0.0,7,0.6875,30,1,1,737637.8125,737622.5,737650.25,737615.0,737682.0,67.0,27.75,0,0,0,0,0,0,0,0,0,0,0,0,0,0,0,0,0,0,0,0,0,0,0,0,0,0,1,0,0,0
466141002,1,1,737572.0,38960.0,36.0,0.0,0,1.0,274,3,3,737572.0,737572.0,737572.0,737572.0,737572.0,0.0,0.0,0,0,0,0,0,0,0,0,0,0,0,0,0,0,0,0,0,0,0,0,0,0,0,0,0,0,1,0,0,0
466168501,6,9,737655.0,29795.0,79.0,0.0,2,0.6666666666666666,150,2,2,737658.4444444445,737653.0,737674.0,737614.0,737685.0,71.0,21.0,0,0,0,0,0,0,0,0,0,0,0,0,0,0,0,0,0,0,0,0,0,0,0,0,0,0,1,0,0,0
466174801,5,9,737648.0,35044.0,66.0,0.0,9,0.5555555555555556,15,1,1,737654.8888888889,737629.0,737682.0,737623.0,737686.0,63.0,53.0,0,0,0,0,0,0,0,0,0,0,0,0,0,0,0,0,0,0,0,0,0,0,0,0,0,0,1,0,0,0
466192402,0,1,737641.0,39357.0,221.0,0.0,0,0.0,314,4,3,737641.0,737641.0,737641.0,737641.0,737641.0,0.0,0.0,0,0,0,0,0,0,0,0,0,0,0,0,0,0,0,0,0,0,0,0,0,0,0,0,0,0,1,0,0,0
466192805,23,30,737622.0,32921.5,66.0,0.0,16,0.7666666666666667,221,3,2,737622.1,737600.75,737642.75,737586.0,737682.0,96.0,42.0,0,0,0,0,0,0,0,0,0,0,0,0,0,0,0,0,0,0,0,0,0,0,0,0,0,0,1,0,0,0
466251801,1,1,737684.0,28972.0,69.0,1.0,1,1.0,144,2,2,737684.0,737684.0,737684.0,737684.0,737684.0,0.0,0.0,0,0,0,0,0,0,0,0,0,0,0,0,0,0,0,0,0,0,0,0,0,0,0,0,0,0,1,0,0,0
466294909,10,17,737602.0,47971.0,83.0,0.0,7,0.5882352941176471,322,4,3,737612.294117647,737591.0,737636.0,737565.0,737678.0,113.0,45.0,0,0,0,0,0,0,0,0,0,0,0,0,0,0,0,0,0,0,0,0,0,0,0,0,0,0,1,0,0,0
466316701,1,1,737667.0,12632.0,155.0,0.0,0,1.0,89,1,1,737667.0,737667.0,737667.0,737667.0,737667.0,0.0,0.0,0,0,0,0,0,0,0,0,0,0,0,0,0,0,0,0,0,0,0,0,0,0,0,0,0,0,1,0,0,0
466317707,4,9,737577.0,38747.0,66.0,0.0,3,0.4444444444444444,271,3,3,737593.8888888889,737566.0,737637.0,737555.0,737645.0,90.0,71.0,0,0,0,0,0,0,0,0,0,0,0,0,0,0,0,0,0,0,0,0,0,0,0,0,0,0,1,0,0,0
466325501,0,1,737614.0,22574.0,177.0,1.0,1,0.0,136,2,2,737614.0,737614.0,737614.0,737614.0,737614.0,0.0,0.0,0,0,0,0,0,0,0,0,0,0,0,0,0,0,0,0,0,0,0,0,0,0,0,0,0,0,1,0,0,0
466341305,9,21,737614.0,35249.0,61.0,0.0,7,0.42857142857142855,183,2,2,737617.3333333335,737593.0,737631.0,737559.0,737680.0,121.0,38.0,0,0,0,0,0,0,0,0,0,0,0,0,0,0,0,0,0,0,0,0,0,0,0,0,0,0,1,0,0,0
466363308,19,43,737623.0,44557.0,80.0,0.0,17,0.4418604651162791,69,1,1,737621.0232558141,737590.5,737656.5,737542.0,737686.0,144.0,66.0,0,0,0,0,0,0,0,0,0,0,0,0,0,0,0,0,0,0,0,0,0,0,0,0,0,0,1,0,0,0
466364802,15,22,737597.5,46116.5,64.5,0.0,8,0.6818181818181818,288,3,3,737601.6363636364,737586.25,737613.75,737550.0,737664.0,114.0,27.5,0,0,0,0,0,0,0,0,0,0,0,0,0,0,0,0,0,0,0,0,0,0,0,0,0,0,1,0,0,0
466402709,41,67,737650.0,42485.0,70.0,0.0,15,0.6119402985074627,5,1,1,737643.0,737626.0,737663.0,737581.0,737686.0,105.0,37.0,0,0,0,0,0,0,0,0,0,0,0,0,0,0,0,0,0,0,0,0,0,0,0,0,0,0,1,0,0,0
466493301,1,1,737683.0,62184.0,117.0,1.0,1,1.0,172,2,2,737683.0,737683.0,737683.0,737683.0,737683.0,0.0,0.0,0,0,0,0,0,0,0,0,0,0,0,0,0,0,0,0,0,0,0,0,0,0,0,0,0,0,1,0,0,0
466533902,84,142,737595.5,37365.5,80.0,0.0,60,0.5915492957746479,12,1,1,737603.6338028169,737581.0,737627.75,737545.0,737686.0,141.0,46.75,0,0,0,0,0,0,0,0,0,0,0,0,0,0,0,0,0,0,0,0,0,0,0,0,0,0,1,0,0,0
466586201,35,74,737632.0,35623.5,69.0,0.0,15,0.472972972972973,34,1,1,737628.8513513514,737611.75,737654.0,737545.0,737677.0,132.0,42.25,0,0,0,0,0,0,0,0,0,0,0,0,0,0,0,0,0,0,0,0,0,0,0,0,0,0,1,0,0,0
466631802,1,1,737585.0,5273.0,66.0,0.0,0,1.0,379,4,4,737585.0,737585.0,737585.0,737585.0,737585.0,0.0,0.0,0,0,0,0,0,0,0,0,0,0,0,0,0,0,0,0,0,0,0,0,0,0,0,0,0,0,1,0,0,0
466644702,7,9,737671.0,69849.0,70.0,0.0,7,0.7777777777777778,90,1,1,737665.8888888889,737666.0,737671.0,737647.0,737672.0,25.0,5.0,0,0,0,0,0,0,0,0,0,0,0,0,0,0,0,0,0,0,0,0,0,0,0,0,0,0,1,0,0,0
466732602,1,1,737681.0,16071.0,73.0,0.0,0,1.0,102,1,1,737681.0,737681.0,737681.0,737681.0,737681.0,0.0,0.0,0,0,0,0,0,0,0,0,0,0,0,0,0,0,0,0,0,0,0,0,0,0,0,0,0,0,1,0,0,0
466735303,3,7,737589.0,48119.0,88.0,0.0,6,0.42857142857142855,399,4,4,737587.8571428572,737577.0,737599.5,737557.0,737616.0,59.0,22.5,0,0,0,0,0,0,0,0,0,0,0,0,0,0,0,0,0,0,0,0,0,0,0,0,0,0,1,0,0,0
466793101,1,1,737668.0,57833.0,66.0,0.0,0,1.0,145,2,2,737668.0,737668.0,737668.0,737668.0,737668.0,0.0,0.0,0,0,0,0,0,0,0,0,0,0,0,0,0,0,0,0,0,0,0,0,0,0,0,0,0,0,1,0,0,0
466827802,6,9,737630.0,48079.0,96.0,0.0,6,0.6666666666666666,225,3,2,737630.1111111111,737613.0,737650.0,737595.0,737661.0,66.0,37.0,0,0,0,0,0,0,0,0,0,0,0,0,0,0,0,0,0,0,0,0,0,0,0,0,0,0,1,0,0,0
466875202,36,60,737633.5,32261.5,73.0,0.0,25,0.6,19,1,1,737629.8,737610.0,737643.5,737571.0,737685.0,114.0,33.5,0,0,0,0,0,0,0,0,0,0,0,0,0,0,0,0,0,0,0,0,0,0,0,0,0,0,1,0,0,0
466875304,6,14,737583.0,47028.0,69.0,0.0,4,0.42857142857142855,341,4,3,737590.7857142857,737568.5,737609.25,737563.0,737647.0,84.0,40.75,0,0,0,0,0,0,0,0,0,0,0,0,0,0,0,0,0,0,0,0,0,0,0,0,0,0,1,0,0,0
466875702,1,1,737636.0,69611.0,155.0,0.0,0,1.0,130,2,2,737636.0,737636.0,737636.0,737636.0,737636.0,0.0,0.0,0,0,0,0,0,0,0,0,0,0,0,0,0,0,0,0,0,0,0,0,0,0,0,0,0,0,1,0,0,0
466876108,6,12,737613.0,37469.0,101.0,0.0,7,0.5,286,3,3,737608.6666666665,737568.25,737643.75,737538.0,737670.0,132.0,75.5,0,0,0,0,0,0,0,0,0,0,0,0,0,0,0,0,0,0,0,0,0,0,0,0,0,0,1,0,0,0
466878303,0,1,737599.0,36407.0,130.0,1.0,1,0.0,327,4,3,737599.0,737599.0,737599.0,737599.0,737599.0,0.0,0.0,0,0,0,0,0,0,0,0,0,0,0,0,0,0,0,0,0,0,0,0,0,0,0,0,0,0,1,0,0,0
466878701,8,10,737623.5,41687.5,102.5,0.5,10,0.8,270,3,3,737622.9,737597.5,737634.0,737588.0,737683.0,95.0,36.5,0,0,0,0,0,0,0,0,0,0,0,0,0,0,0,0,0,0,0,0,0,0,0,0,0,0,1,0,0,0
466879301,106,176,737599.5,41157.0,76.0,0.0,102,0.6022727272727273,53,1,1,737605.6079545454,737576.0,737636.0,737539.0,737685.0,146.0,60.0,0,0,0,0,0,0,0,0,0,0,0,0,0,0,0,0,0,0,0,0,0,0,0,0,0,0,1,0,0,0
466880401,1,1,737594.0,50798.0,33.0,1.0,1,1.0,180,2,2,737594.0,737594.0,737594.0,737594.0,737594.0,0.0,0.0,0,0,0,0,0,0,0,0,0,0,0,0,0,0,0,0,0,0,0,0,0,0,0,0,0,0,1,0,0,0
466952201,1,1,737686.0,15344.0,135.0,1.0,1,1.0,66,1,1,737686.0,737686.0,737686.0,737686.0,737686.0,0.0,0.0,0,0,0,0,0,0,0,0,0,0,0,0,0,0,0,0,0,0,0,0,0,0,0,0,0,0,1,0,0,0
466952901,8,15,737637.0,48854.0,78.0,0.0,8,0.5333333333333333,91,1,1,737639.7333333333,737621.0,737667.0,737593.0,737682.0,89.0,46.0,0,0,0,0,0,0,0,0,0,0,0,0,0,0,0,0,0,0,0,0,0,0,0,0,0,0,1,0,0,0
466957505,54,84,737615.0,43967.0,58.5,0.0,29,0.6428571428571429,138,2,2,737618.0476190477,737597.25,737643.5,737552.0,737680.0,128.0,46.25,0,0,0,0,0,0,0,0,0,0,0,0,0,0,0,0,0,0,0,0,0,0,0,0,0,0,1,0,0,0
466987501,1,1,737619.0,55553.0,96.0,0.0,0,1.0,321,4,3,737619.0,737619.0,737619.0,737619.0,737619.0,0.0,0.0,0,0,0,0,0,0,0,0,0,0,0,0,0,0,0,0,0,0,0,0,0,0,0,0,0,0,1,0,0,0
467053702,3,6,737610.0,60193.0,32.5,0.0,2,0.5,283,3,3,737609.3333333335,737598.0,737625.75,737581.0,737630.0,49.0,27.75,0,0,0,0,0,0,0,0,0,0,0,0,0,0,0,0,0,0,0,0,0,0,0,0,0,0,1,0,0,0
467064909,16,24,737605.5,40653.5,55.0,0.0,5,0.6666666666666666,330,4,3,737610.9166666665,737593.5,737626.25,737577.0,737662.0,85.0,32.75,0,0,0,0,0,0,0,0,0,0,0,0,0,0,0,0,0,0,0,0,0,0,0,0,0,0,1,0,0,0
467067301,6,15,737634.0,46177.0,47.0,1.0,11,0.4,269,3,3,737633.5333333333,737616.0,737660.5,737580.0,737678.0,98.0,44.5,0,0,0,0,0,0,0,0,0,0,0,0,0,0,0,0,0,0,0,0,0,0,0,0,0,0,1,0,0,0
467080802,1,1,737617.0,45828.0,155.0,0.0,0,1.0,261,3,3,737617.0,737617.0,737617.0,737617.0,737617.0,0.0,0.0,0,0,0,0,0,0,0,0,0,0,0,0,0,0,0,0,0,0,0,0,0,0,0,0,0,0,1,0,0,0
467080901,1,1,737604.0,32176.0,137.0,2.0,2,1.0,393,4,4,737604.0,737604.0,737604.0,737604.0,737604.0,0.0,0.0,0,0,0,0,0,0,0,0,0,0,0,0,0,0,0,0,0,0,0,0,0,0,0,0,0,0,1,0,0,0
467081204,0,1,737629.0,53310.0,79.0,1.0,1,0.0,363,4,4,737629.0,737629.0,737629.0,737629.0,737629.0,0.0,0.0,0,0,0,0,0,0,0,0,0,0,0,0,0,0,0,0,0,0,0,0,0,0,0,0,0,0,1,0,0,0
467164003,0,1,737685.0,55100.0,300.0,1.0,1,0.0,366,4,4,737685.0,737685.0,737685.0,737685.0,737685.0,0.0,0.0,0,0,0,0,0,0,0,0,0,0,0,0,0,0,0,0,0,0,0,0,0,0,0,0,0,0,1,0,0,0
467164506,1,1,737553.0,47155.0,75.0,0.0,0,1.0,378,4,4,737553.0,737553.0,737553.0,737553.0,737553.0,0.0,0.0,0,0,0,0,0,0,0,0,0,0,0,0,0,0,0,0,0,0,0,0,0,0,0,0,0,0,1,0,0,0
467193702,0,1,737615.0,42899.0,47.0,1.0,1,0.0,193,2,2,737615.0,737615.0,737615.0,737615.0,737615.0,0.0,0.0,0,0,0,0,0,0,0,0,0,0,0,0,0,0,0,0,0,0,0,0,0,0,0,0,0,0,1,0,0,0
467312302,31,55,737644.0,42922.0,87.0,0.0,28,0.5636363636363636,11,1,1,737639.6727272726,737619.5,737663.0,737571.0,737685.0,114.0,43.5,0,0,0,0,0,0,0,0,0,0,0,0,0,0,0,0,0,0,0,0,0,0,0,0,0,0,1,0,0,0
467333201,0,1,737614.0,11780.0,85.0,0.0,0,0.0,159,2,2,737614.0,737614.0,737614.0,737614.0,737614.0,0.0,0.0,0,0,0,0,0,0,0,0,0,0,0,0,0,0,0,0,0,0,0,0,0,0,0,0,0,0,1,0,0,0
467333704,1,1,737650.0,79044.0,111.0,1.0,1,1.0,338,4,3,737650.0,737650.0,737650.0,737650.0,737650.0,0.0,0.0,0,0,0,0,0,0,0,0,0,0,0,0,0,0,0,0,0,0,0,0,0,0,0,0,0,0,1,0,0,0
467400002,0,1,737596.0,29470.0,45.0,1.0,1,0.0,161,2,2,737596.0,737596.0,737596.0,737596.0,737596.0,0.0,0.0,0,0,0,0,0,0,0,0,0,0,0,0,0,0,0,0,0,0,0,0,0,0,0,0,0,0,1,0,0,0
467400601,1,1,737606.0,67288.0,72.0,0.0,0,1.0,373,4,4,737606.0,737606.0,737606.0,737606.0,737606.0,0.0,0.0,0,0,0,0,0,0,0,0,0,0,0,0,0,0,0,0,0,0,0,0,0,0,0,0,0,0,1,0,0,0
467401302,1,1,737570.0,47787.0,147.0,1.0,1,1.0,377,4,4,737570.0,737570.0,737570.0,737570.0,737570.0,0.0,0.0,0,0,0,0,0,0,0,0,0,0,0,0,0,0,0,0,0,0,0,0,0,0,0,0,0,0,1,0,0,0
467401401,1,1,737678.0,51747.0,31.0,1.0,1,1.0,336,4,3,737678.0,737678.0,737678.0,737678.0,737678.0,0.0,0.0,0,0,0,0,0,0,0,0,0,0,0,0,0,0,0,0,0,0,0,0,0,0,0,0,0,0,1,0,0,0
467629704,8,19,737617.0,54116.0,64.0,0.0,5,0.42105263157894735,332,4,3,737623.4736842107,737607.5,737643.0,737569.0,737666.0,97.0,35.5,0,0,0,0,0,0,0,0,0,0,0,0,0,0,0,0,0,0,0,0,0,0,0,0,0,0,1,0,0,0
467669101,1,1,737606.0,45198.0,135.0,2.0,2,1.0,235,3,2,737606.0,737606.0,737606.0,737606.0,737606.0,0.0,0.0,0,0,0,0,0,0,0,0,0,0,0,0,0,0,0,0,0,0,0,0,0,0,0,0,0,0,1,0,0,0
467673401,0,1,737624.0,58623.0,170.0,0.0,0,0.0,137,2,2,737624.0,737624.0,737624.0,737624.0,737624.0,0.0,0.0,0,0,0,0,0,0,0,0,0,0,0,0,0,0,0,0,0,0,0,0,0,0,0,0,0,0,1,0,0,0
467673903,0,1,737588.0,30915.0,43.0,1.0,1,0.0,281,3,3,737588.0,737588.0,737588.0,737588.0,737588.0,0.0,0.0,0,0,0,0,0,0,0,0,0,0,0,0,0,0,0,0,0,0,0,0,0,0,0,0,0,0,1,0,0,0
467674401,14,23,737640.0,49407.0,73.0,0.0,17,0.6086956521739131,32,1,1,737641.6956521741,737630.0,737655.0,737601.0,737675.0,74.0,25.0,0,0,0,0,0,0,0,0,0,0,0,0,0,0,0,0,0,0,0,0,0,0,0,0,0,0,1,0,0,0
467683303,5,7,737661.0,17441.0,87.0,0.0,0,0.7142857142857143,134,2,2,737654.5714285716,737639.5,737670.0,737617.0,737685.0,68.0,30.5,0,0,0,0,0,0,0,0,0,0,0,0,0,0,0,0,0,0,0,0,0,0,0,0,0,0,1,0,0,0
467685902,9,23,737633.0,58657.0,85.0,0.0,10,0.39130434782608703,72,1,1,737632.6956521741,737613.0,737651.5,737598.0,737681.0,83.0,38.5,0,0,0,0,0,0,0,0,0,0,0,0,0,0,0,0,0,0,0,0,0,0,0,0,0,0,1,0,0,0
467705801,6,15,737647.0,46481.0,67.0,0.0,2,0.4,190,2,2,737640.4,737625.0,737659.0,737590.0,737674.0,84.0,34.0,0,0,0,0,0,0,0,0,0,0,0,0,0,0,0,0,0,0,0,0,0,0,0,0,0,0,1,0,0,0
467835701,1,1,737637.0,81216.0,85.0,1.0,1,1.0,128,2,2,737637.0,737637.0,737637.0,737637.0,737637.0,0.0,0.0,0,0,0,0,0,0,0,0,0,0,0,0,0,0,0,0,0,0,0,0,0,0,0,0,0,0,1,0,0,0
467836002,5,6,737637.0,30989.5,57.5,0.0,0,0.8333333333333334,318,4,3,737631.5,737625.25,737642.0,737606.0,737644.0,38.0,16.75,0,0,0,0,0,0,0,0,0,0,0,0,0,0,0,0,0,0,0,0,0,0,0,0,0,0,1,0,0,0
467836806,24,35,737643.0,40654.0,76.0,0.0,19,0.6857142857142857,51,1,1,737640.8285714284,737625.0,737659.5,737578.0,737684.0,106.0,34.5,0,0,0,0,0,0,0,0,0,0,0,0,0,0,0,0,0,0,0,0,0,0,0,0,0,0,1,0,0,0
467856402,1,1,737601.0,53297.0,117.0,1.0,1,1.0,111,2,1,737601.0,737601.0,737601.0,737601.0,737601.0,0.0,0.0,0,0,0,0,0,0,0,0,0,0,0,0,0,0,0,0,0,0,0,0,0,0,0,0,0,0,1,0,0,0
467860901,8,16,737623.5,48850.0,83.0,0.0,8,0.5,135,2,2,737619.9375,737594.75,737648.0,737560.0,737676.0,116.0,53.25,0,0,0,0,0,0,0,0,0,0,0,0,0,0,0,0,0,0,0,0,0,0,0,0,0,0,1,0,0,0
467861102,16,22,737628.0,33600.0,95.0,0.0,7,0.7272727272727273,112,2,1,737629.1818181819,737615.5,737655.0,737568.0,737685.0,117.0,39.5,0,0,0,0,0,0,0,0,0,0,0,0,0,0,0,0,0,0,0,0,0,0,0,0,0,0,1,0,0,0
467861203,1,1,737613.0,8519.0,58.0,0.0,0,1.0,369,4,4,737613.0,737613.0,737613.0,737613.0,737613.0,0.0,0.0,0,0,0,0,0,0,0,0,0,0,0,0,0,0,0,0,0,0,0,0,0,0,0,0,0,0,1,0,0,0
467861602,1,1,737593.0,2233.0,37.0,0.0,0,1.0,187,2,2,737593.0,737593.0,737593.0,737593.0,737593.0,0.0,0.0,0,0,0,0,0,0,0,0,0,0,0,0,0,0,0,0,0,0,0,0,0,0,0,0,0,0,1,0,0,0
467874801,0,1,737640.0,18380.0,108.0,1.0,1,0.0,60,1,1,737640.0,737640.0,737640.0,737640.0,737640.0,0.0,0.0,0,0,0,0,0,0,0,0,0,0,0,0,0,0,0,0,0,0,0,0,0,0,0,0,0,0,1,0,0,0
467943806,15,26,737605.5,36870.5,75.5,0.0,10,0.5769230769230769,226,3,2,737610.1538461539,737592.5,737618.75,737573.0,737664.0,91.0,26.25,0,0,0,0,0,0,0,0,0,0,0,0,0,0,0,0,0,0,0,0,0,0,0,0,0,0,1,0,0,0
467943903,1,1,737614.0,82897.0,52.0,1.0,1,1.0,371,4,4,737614.0,737614.0,737614.0,737614.0,737614.0,0.0,0.0,0,0,0,0,0,0,0,0,0,0,0,0,0,0,0,0,0,0,0,0,0,0,0,0,0,0,1,0,0,0
468028601,7,10,737611.0,42640.0,70.5,0.0,6,0.7,158,2,2,737624.2,737599.25,737648.5,737584.0,737674.0,90.0,49.25,0,0,0,0,0,0,0,0,0,0,0,0,0,0,0,0,0,0,0,0,0,0,0,0,0,0,1,0,0,0
468039002,0,1,737600.0,61918.0,99.0,1.0,1,0.0,331,4,3,737600.0,737600.0,737600.0,737600.0,737600.0,0.0,0.0,0,0,0,0,0,0,0,0,0,0,0,0,0,0,0,0,0,0,0,0,0,0,0,0,0,0,1,0,0,0
468140202,11,18,737644.5,40679.0,73.0,0.0,11,0.6111111111111112,33,1,1,737641.6111111111,737619.0,737662.75,737598.0,737682.0,84.0,43.75,0,0,0,0,0,0,0,0,0,0,0,0,0,0,0,0,0,0,0,0,0,0,0,0,0,0,1,0,0,0
468140501,8,9,737616.0,44426.0,63.0,0.0,1,0.8888888888888888,113,2,1,737629.6666666665,737595.0,737676.0,737589.0,737685.0,96.0,81.0,0,0,0,0,0,0,0,0,0,0,0,0,0,0,0,0,0,0,0,0,0,0,0,0,0,0,1,0,0,0
468140808,5,9,737615.0,31399.0,71.0,0.0,5,0.5555555555555556,316,4,3,737622.2222222221,737603.0,737648.0,737598.0,737658.0,60.0,45.0,0,0,0,0,0,0,0,0,0,0,0,0,0,0,0,0,0,0,0,0,0,0,0,0,0,0,1,0,0,0
468148401,0,1,737683.0,53215.0,121.0,2.0,2,0.0,222,3,2,737683.0,737683.0,737683.0,737683.0,737683.0,0.0,0.0,0,0,0,0,0,0,0,0,0,0,0,0,0,0,0,0,0,0,0,0,0,0,0,0,0,0,1,0,0,0
468160901,1,1,737685.0,14059.0,42.0,0.0,0,1.0,46,1,1,737685.0,737685.0,737685.0,737685.0,737685.0,0.0,0.0,0,0,0,0,0,0,0,0,0,0,0,0,0,0,0,0,0,0,0,0,0,0,0,0,0,0,1,0,0,0
468174301,0,1,737665.0,41755.0,94.0,1.0,1,0.0,181,2,2,737665.0,737665.0,737665.0,737665.0,737665.0,0.0,0.0,0,0,0,0,0,0,0,0,0,0,0,0,0,0,0,0,0,0,0,0,0,0,0,0,0,0,1,0,0,0
468186002,4,8,737670.5,20061.0,110.5,0.0,9,0.5,110,2,1,737664.125,737650.5,737673.5,737636.0,737684.0,48.0,23.0,0,0,0,0,0,0,0,0,0,0,0,0,0,0,0,0,0,0,0,0,0,0,0,0,0,0,1,0,0,0
468188601,0,1,737635.0,30418.0,194.0,2.0,2,0.0,324,4,3,737635.0,737635.0,737635.0,737635.0,737635.0,0.0,0.0,0,0,0,0,0,0,0,0,0,0,0,0,0,0,0,0,0,0,0,0,0,0,0,0,0,0,1,0,0,0
468188701,4,8,737649.5,30289.5,64.0,0.0,1,0.5,70,1,1,737635.125,737618.25,737659.5,737580.0,737661.0,81.0,41.25,0,0,0,0,0,0,0,0,0,0,0,0,0,0,0,0,0,0,0,0,0,0,0,0,0,0,1,0,0,0
468189002,1,1,737606.0,57729.0,91.0,0.0,0,1.0,325,4,3,737606.0,737606.0,737606.0,737606.0,737606.0,0.0,0.0,0,0,0,0,0,0,0,0,0,0,0,0,0,0,0,0,0,0,0,0,0,0,0,0,0,0,1,0,0,0
468189102,0,1,737648.0,24268.0,283.0,3.0,3,0.0,232,3,2,737648.0,737648.0,737648.0,737648.0,737648.0,0.0,0.0,0,0,0,0,0,0,0,0,0,0,0,0,0,0,0,0,0,0,0,0,0,0,0,0,0,0,1,0,0,0
468213005,1,1,737611.0,53260.0,184.0,0.0,0,1.0,263,3,3,737611.0,737611.0,737611.0,737611.0,737611.0,0.0,0.0,0,0,0,0,0,0,0,0,0,0,0,0,0,0,0,0,0,0,0,0,0,0,0,0,0,0,1,0,0,0
468276703,9,10,737625.0,38521.5,47.5,0.0,1,0.9,156,2,2,737625.4,737602.0,737635.0,737593.0,737680.0,87.0,33.0,0,0,0,0,0,0,0,0,0,0,0,0,0,0,0,0,0,0,0,0,0,0,0,0,0,0,1,0,0,0
468282201,1,1,737666.0,38211.0,147.0,1.0,1,1.0,265,3,3,737666.0,737666.0,737666.0,737666.0,737666.0,0.0,0.0,0,0,0,0,0,0,0,0,0,0,0,0,0,0,0,0,0,0,0,0,0,0,0,0,0,0,1,0,0,0
468288502,1,1,737640.0,40247.0,89.0,3.0,3,1.0,88,1,1,737640.0,737640.0,737640.0,737640.0,737640.0,0.0,0.0,0,0,0,0,0,0,0,0,0,0,0,0,0,0,0,0,0,0,0,0,0,0,0,0,0,0,1,0,0,0
468371702,1,1,737668.0,12394.0,115.0,1.0,1,1.0,215,3,2,737668.0,737668.0,737668.0,737668.0,737668.0,0.0,0.0,0,0,0,0,0,0,0,0,0,0,0,0,0,0,0,0,0,0,0,0,0,0,0,0,0,0,1,0,0,0
468407402,0,1,737615.0,23464.0,286.0,0.0,0,0.0,323,4,3,737615.0,737615.0,737615.0,737615.0,737615.0,0.0,0.0,0,0,0,0,0,0,0,0,0,0,0,0,0,0,0,0,0,0,0,0,0,0,0,0,0,0,1,0,0,0
468499802,3,6,737646.0,71905.0,85.0,0.0,4,0.5,129,2,2,737641.6666666665,737630.25,737656.5,737603.0,737670.0,67.0,26.25,0,0,0,0,0,0,0,0,0,0,0,0,0,0,0,0,0,0,0,0,0,0,0,0,0,0,1,0,0,0
468501402,1,1,737605.0,53879.0,266.0,1.0,1,1.0,227,3,2,737605.0,737605.0,737605.0,737605.0,737605.0,0.0,0.0,0,0,0,0,0,0,0,0,0,0,0,0,0,0,0,0,0,0,0,0,0,0,0,0,0,0,1,0,0,0
468539702,7,10,737635.5,52526.5,103.5,0.0,2,0.7,391,4,4,737634.9,737631.25,737641.25,737607.0,737657.0,50.0,10.0,0,0,0,0,0,0,0,0,0,0,0,0,0,0,0,0,0,0,0,0,0,0,0,0,0,0,1,0,0,0
468592001,0,1,737670.0,47567.0,98.0,0.0,0,0.0,153,2,2,737670.0,737670.0,737670.0,737670.0,737670.0,0.0,0.0,0,0,0,0,0,0,0,0,0,0,0,0,0,0,0,0,0,0,0,0,0,0,0,0,0,0,1,0,0,0
468662001,1,1,737662.0,69488.0,104.0,0.0,0,1.0,105,2,1,737662.0,737662.0,737662.0,737662.0,737662.0,0.0,0.0,0,0,0,0,0,0,0,0,0,0,0,0,0,0,0,0,0,0,0,0,0,0,0,0,0,0,1,0,0,0
468689801,9,15,737645.0,31137.0,62.0,0.0,3,0.6,62,1,1,737646.1333333333,737630.5,737660.5,737620.0,737684.0,64.0,30.0,0,0,0,0,0,0,0,0,0,0,0,0,0,0,0,0,0,0,0,0,0,0,0,0,0,0,1,0,0,0
468705504,1,1,737592.0,38112.0,75.0,2.0,2,1.0,260,3,3,737592.0,737592.0,737592.0,737592.0,737592.0,0.0,0.0,0,0,0,0,0,0,0,0,0,0,0,0,0,0,0,0,0,0,0,0,0,0,0,0,0,0,1,0,0,0
468716101,1,1,737647.0,54516.0,33.0,0.0,0,1.0,61,1,1,737647.0,737647.0,737647.0,737647.0,737647.0,0.0,0.0,0,0,0,0,0,0,0,0,0,0,0,0,0,0,0,0,0,0,0,0,0,0,0,0,0,0,1,0,0,0
468763201,1,1,737602.0,52998.0,129.0,0.0,0,1.0,259,3,3,737602.0,737602.0,737602.0,737602.0,737602.0,0.0,0.0,0,0,0,0,0,0,0,0,0,0,0,0,0,0,0,0,0,0,0,0,0,0,0,0,0,0,1,0,0,0
468764702,1,1,737620.0,59679.0,169.0,1.0,1,1.0,224,3,2,737620.0,737620.0,737620.0,737620.0,737620.0,0.0,0.0,0,0,0,0,0,0,0,0,0,0,0,0,0,0,0,0,0,0,0,0,0,0,0,0,0,0,1,0,0,0
468786702,1,1,737665.0,12445.0,150.0,1.0,1,1.0,257,3,3,737665.0,737665.0,737665.0,737665.0,737665.0,0.0,0.0,0,0,0,0,0,0,0,0,0,0,0,0,0,0,0,0,0,0,0,0,0,0,0,0,0,0,1,0,0,0
468790101,1,1,737674.0,23251.0,127.0,0.0,0,1.0,315,4,3,737674.0,737674.0,737674.0,737674.0,737674.0,0.0,0.0,0,0,0,0,0,0,0,0,0,0,0,0,0,0,0,0,0,0,0,0,0,0,0,0,0,0,1,0,0,0
468881402,0,1,737618.0,45392.0,131.0,1.0,1,0.0,223,3,2,737618.0,737618.0,737618.0,737618.0,737618.0,0.0,0.0,0,0,0,0,0,0,0,0,0,0,0,0,0,0,0,0,0,0,0,0,0,0,0,0,0,0,1,0,0,0
468890801,1,1,737673.0,57419.0,96.0,0.0,0,1.0,36,1,1,737673.0,737673.0,737673.0,737673.0,737673.0,0.0,0.0,0,0,0,0,0,0,0,0,0,0,0,0,0,0,0,0,0,0,0,0,0,0,0,0,0,0,1,0,0,0
468892201,7,10,737661.0,41721.5,114.0,0.0,6,0.7,389,4,4,737654.3,737637.0,737678.25,737603.0,737686.0,83.0,41.25,0,0,0,0,0,0,0,0,0,0,0,0,0,0,0,0,0,0,0,0,0,0,0,0,0,0,1,0,0,0
468892604,1,1,737672.0,26407.0,37.0,0.0,0,1.0,258,3,3,737672.0,737672.0,737672.0,737672.0,737672.0,0.0,0.0,0,0,0,0,0,0,0,0,0,0,0,0,0,0,0,0,0,0,0,0,0,0,0,0,0,0,1,0,0,0
468906902,0,1,737684.0,64900.0,139.0,1.0,1,0.0,309,3,3,737684.0,737684.0,737684.0,737684.0,737684.0,0.0,0.0,0,0,0,0,0,0,0,0,0,0,0,0,0,0,0,0,0,0,0,0,0,0,0,0,0,0,1,0,0,0
468907305,1,1,737617.0,20711.0,88.0,0.0,0,1.0,151,2,2,737617.0,737617.0,737617.0,737617.0,737617.0,0.0,0.0,0,0,0,0,0,0,0,0,0,0,0,0,0,0,0,0,0,0,0,0,0,0,0,0,0,0,1,0,0,0
468908503,1,1,737644.0,10340.0,110.0,1.0,1,1.0,312,4,3,737644.0,737644.0,737644.0,737644.0,737644.0,0.0,0.0,0,0,0,0,0,0,0,0,0,0,0,0,0,0,0,0,0,0,0,0,0,0,0,0,0,0,1,0,0,0
468911003,1,1,737617.0,73835.0,57.0,1.0,1,1.0,255,3,3,737617.0,737617.0,737617.0,737617.0,737617.0,0.0,0.0,0,0,0,0,0,0,0,0,0,0,0,0,0,0,0,0,0,0,0,0,0,0,0,0,0,0,1,0,0,0
468911202,0,1,737638.0,50440.0,104.0,0.0,0,0.0,179,2,2,737638.0,737638.0,737638.0,737638.0,737638.0,0.0,0.0,0,0,0,0,0,0,0,0,0,0,0,0,0,0,0,0,0,0,0,0,0,0,0,0,0,0,1,0,0,0
468911403,1,1,737633.0,25733.0,155.0,0.0,0,1.0,148,2,2,737633.0,737633.0,737633.0,737633.0,737633.0,0.0,0.0,0,0,0,0,0,0,0,0,0,0,0,0,0,0,0,0,0,0,0,0,0,0,0,0,0,0,1,0,0,0
468915901,7,10,737674.5,48646.5,58.0,0.0,3,0.7,23,1,1,737675.0,737671.0,737677.75,737666.0,737686.0,20.0,6.75,0,0,0,0,0,0,0,0,0,0,0,0,0,0,0,0,0,0,0,0,0,0,0,0,0,0,1,0,0,0
468916102,18,24,737665.5,34699.5,87.5,0.0,12,0.75,24,1,1,737655.875,737640.0,737673.0,737605.0,737680.0,75.0,33.0,0,0,0,0,0,0,0,0,0,0,0,0,0,0,0,0,0,0,0,0,0,0,0,0,0,0,1,0,0,0
468916202,1,1,737628.0,19704.0,117.0,2.0,2,1.0,109,2,1,737628.0,737628.0,737628.0,737628.0,737628.0,0.0,0.0,0,0,0,0,0,0,0,0,0,0,0,0,0,0,0,0,0,0,0,0,0,0,0,0,0,0,1,0,0,0
469014701,0,1,737679.0,58459.0,57.0,0.0,0,0.0,254,3,3,737679.0,737679.0,737679.0,737679.0,737679.0,0.0,0.0,0,0,0,0,0,0,0,0,0,0,0,0,0,0,0,0,0,0,0,0,0,0,0,0,0,0,1,0,0,0
469018713,13,20,737664.0,50849.5,66.5,0.0,5,0.65,35,1,1,737658.2,737653.0,737670.0,737615.0,737676.0,61.0,17.0,0,0,0,0,0,0,0,0,0,0,0,0,0,0,0,0,0,0,0,0,0,0,0,0,0,0,1,0,0,0
469026501,0,1,737661.0,59265.0,82.0,1.0,1,0.0,58,1,1,737661.0,737661.0,737661.0,737661.0,737661.0,0.0,0.0,0,0,0,0,0,0,0,0,0,0,0,0,0,0,0,0,0,0,0,0,0,0,0,0,0,0,1,0,0,0
469053402,27,42,737651.5,50106.5,83.5,0.0,15,0.6428571428571429,10,1,1,737650.4761904762,737633.25,737668.5,737603.0,737685.0,82.0,35.25,0,0,0,0,0,0,0,0,0,0,0,0,0,0,0,0,0,0,0,0,0,0,0,0,0,0,1,0,0,0
469155801,5,8,737649.5,49579.0,104.5,1.0,6,0.625,45,1,1,737652.125,737637.75,737663.25,737630.0,737682.0,52.0,25.5,0,0,0,0,0,0,0,0,0,0,0,0,0,0,0,0,0,0,0,0,0,0,0,0,0,0,1,0,0,0
469185706,28,44,737665.5,37476.5,83.5,0.0,9,0.6363636363636364,3,1,1,737663.7727272727,737653.5,737674.0,737638.0,737685.0,47.0,20.5,0,0,0,0,0,0,0,0,0,0,0,0,0,0,0,0,0,0,0,0,0,0,0,0,0,0,1,0,0,0
469186501,1,1,737685.0,55240.0,182.0,1.0,1,1.0,177,2,2,737685.0,737685.0,737685.0,737685.0,737685.0,0.0,0.0,0,0,0,0,0,0,0,0,0,0,0,0,0,0,0,0,0,0,0,0,0,0,0,0,0,0,1,0,0,0
469189402,8,9,737669.0,33748.0,85.0,0.0,1,0.8888888888888888,106,2,1,737662.1111111111,737657.0,737672.0,737626.0,737686.0,60.0,15.0,0,0,0,0,0,0,0,0,0,0,0,0,0,0,0,0,0,0,0,0,0,0,0,0,0,0,1,0,0,0
469191902,3,9,737657.0,32493.0,83.0,0.0,7,0.3333333333333333,47,1,1,737655.1111111111,737646.0,737669.0,737627.0,737676.0,49.0,23.0,0,0,0,0,0,0,0,0,0,0,0,0,0,0,0,0,0,0,0,0,0,0,0,0,0,0,1,0,0,0
469194205,18,27,737663.0,37251.0,66.0,0.0,9,0.6666666666666666,28,1,1,737661.8888888889,737654.0,737669.0,737636.0,737685.0,49.0,15.0,0,0,0,0,0,0,0,0,0,0,0,0,0,0,0,0,0,0,0,0,0,0,0,0,0,0,1,0,0,0
469196108,0,1,737642.0,14000.0,64.0,0.0,0,0.0,219,3,2,737642.0,737642.0,737642.0,737642.0,737642.0,0.0,0.0,0,0,0,0,0,0,0,0,0,0,0,0,0,0,0,0,0,0,0,0,0,0,0,0,0,0,1,0,0,0
469198002,1,1,737663.0,38167.0,39.0,0.0,0,1.0,147,2,2,737663.0,737663.0,737663.0,737663.0,737663.0,0.0,0.0,0,0,0,0,0,0,0,0,0,0,0,0,0,0,0,0,0,0,0,0,0,0,0,0,0,0,1,0,0,0
469205601,1,1,737675.0,31359.0,61.0,1.0,1,1.0,87,1,1,737675.0,737675.0,737675.0,737675.0,737675.0,0.0,0.0,0,0,0,0,0,0,0,0,0,0,0,0,0,0,0,0,0,0,0,0,0,0,0,0,0,0,1,0,0,0
469294601,1,1,737686.0,18810.0,31.0,0.0,0,1.0,80,1,1,737686.0,737686.0,737686.0,737686.0,737686.0,0.0,0.0,0,0,0,0,0,0,0,0,0,0,0,0,0,0,0,0,0,0,0,0,0,0,0,0,0,0,1,0,0,0
469295007,1,1,737674.0,25720.0,128.0,1.0,1,1.0,218,3,2,737674.0,737674.0,737674.0,737674.0,737674.0,0.0,0.0,0,0,0,0,0,0,0,0,0,0,0,0,0,0,0,0,0,0,0,0,0,0,0,0,0,0,1,0,0,0
469295501,1,1,737656.0,10540.0,155.0,0.0,0,1.0,59,1,1,737656.0,737656.0,737656.0,737656.0,737656.0,0.0,0.0,0,0,0,0,0,0,0,0,0,0,0,0,0,0,0,0,0,0,0,0,0,0,0,0,0,0,1,0,0,0
469320902,4,6,737672.5,40470.5,80.0,0.0,1,0.6666666666666666,68,1,1,737665.0,737648.75,737681.25,737636.0,737684.0,48.0,32.5,0,0,0,0,0,0,0,0,0,0,0,0,0,0,0,0,0,0,0,0,0,0,0,0,0,0,1,0,0,0
469321002,1,1,737645.0,15273.0,109.0,2.0,2,1.0,107,2,1,737645.0,737645.0,737645.0,737645.0,737645.0,0.0,0.0,0,0,0,0,0,0,0,0,0,0,0,0,0,0,0,0,0,0,0,0,0,0,0,0,0,0,1,0,0,0
469793801,1,1,737645.0,14160.0,148.0,0.0,0,1.0,104,2,1,737645.0,737645.0,737645.0,737645.0,737645.0,0.0,0.0,0,0,0,0,0,0,0,0,0,0,0,0,0,0,0,0,0,0,0,0,0,0,0,0,0,0,1,0,0,0
469836101,0,1,737666.0,49891.0,115.0,2.0,2,0.0,79,1,1,737666.0,737666.0,737666.0,737666.0,737666.0,0.0,0.0,0,0,0,0,0,0,0,0,0,0,0,0,0,0,0,0,0,0,0,0,0,0,0,0,0,0,1,0,0,0
469840303,1,1,737683.0,694.0,152.0,1.0,1,1.0,173,2,2,737683.0,737683.0,737683.0,737683.0,737683.0,0.0,0.0,0,0,0,0,0,0,0,0,0,0,0,0,0,0,0,0,0,0,0,0,0,0,0,0,0,0,1,0,0,0
469851301,1,1,737640.0,45970.0,112.0,0.0,0,1.0,103,1,1,737640.0,737640.0,737640.0,737640.0,737640.0,0.0,0.0,0,0,0,0,0,0,0,0,0,0,0,0,0,0,0,0,0,0,0,0,0,0,0,0,0,0,1,0,0,0
470074001,1,1,737661.0,52988.0,221.0,1.0,1,1.0,49,1,1,737661.0,737661.0,737661.0,737661.0,737661.0,0.0,0.0,0,0,0,0,0,0,0,0,0,0,0,0,0,0,0,0,0,0,0,0,0,0,0,0,0,0,1,0,0,0
470074601,4,7,737667.0,19825.0,55.0,0.0,2,0.5714285714285714,50,1,1,737666.7142857143,737664.5,737668.5,737664.0,737670.0,6.0,4.0,0,0,0,0,0,0,0,0,0,0,0,0,0,0,0,0,0,0,0,0,0,0,0,0,0,0,1,0,0,0
470074901,1,1,737652.0,4215.0,85.0,1.0,1,1.0,78,1,1,737652.0,737652.0,737652.0,737652.0,737652.0,0.0,0.0,0,0,0,0,0,0,0,0,0,0,0,0,0,0,0,0,0,0,0,0,0,0,0,0,0,0,1,0,0,0
470096804,1,1,737665.0,19203.0,62.0,1.0,1,1.0,101,1,1,737665.0,737665.0,737665.0,737665.0,737665.0,0.0,0.0,0,0,0,0,0,0,0,0,0,0,0,0,0,0,0,0,0,0,0,0,0,0,0,0,0,0,1,0,0,0
470097102,1,1,737652.0,4171.0,81.0,1.0,1,1.0,65,1,1,737652.0,737652.0,737652.0,737652.0,737652.0,0.0,0.0,0,0,0,0,0,0,0,0,0,0,0,0,0,0,0,0,0,0,0,0,0,0,0,0,0,0,1,0,0,0
470178401,0,1,737665.0,19288.0,30.0,1.0,1,0.0,56,1,1,737665.0,737665.0,737665.0,737665.0,737665.0,0.0,0.0,0,0,0,0,0,0,0,0,0,0,0,0,0,0,0,0,0,0,0,0,0,0,0,0,0,0,1,0,0,0
470259803,1,1,737652.0,4243.0,81.0,2.0,2,1.0,171,2,2,737652.0,737652.0,737652.0,737652.0,737652.0,0.0,0.0,0,0,0,0,0,0,0,0,0,0,0,0,0,0,0,0,0,0,0,0,0,0,0,0,0,0,1,0,0,0
470617601,0,1,737675.0,73020.0,41.0,1.0,1,0.0,13,1,1,737675.0,737675.0,737675.0,737675.0,737675.0,0.0,0.0,0,0,0,0,0,0,0,0,0,0,0,0,0,0,0,0,0,0,0,0,0,0,0,0,0,0,1,0,0,0
470725002,1,1,737676.0,40841.0,64.0,1.0,1,1.0,120,2,2,737676.0,737676.0,737676.0,737676.0,737676.0,0.0,0.0,0,0,0,0,0,0,0,0,0,0,0,0,0,0,0,0,0,0,0,0,0,0,0,0,0,0,1,0,0,0
470726503,0,1,737685.0,69970.0,210.0,1.0,1,0.0,168,2,2,737685.0,737685.0,737685.0,737685.0,737685.0,0.0,0.0,0,0,0,0,0,0,0,0,0,0,0,0,0,0,0,0,0,0,0,0,0,0,0,0,0,0,1,0,0,0
470840802,0,1,737684.0,66002.0,66.0,1.0,1,0.0,20,1,1,737684.0,737684.0,737684.0,737684.0,737684.0,0.0,0.0,0,0,0,0,0,0,0,0,0,0,0,0,0,0,0,0,0,0,0,0,0,0,0,0,0,0,1,0,0,0
470880202,1,1,737677.0,78545.0,47.0,1.0,1,1.0,95,1,1,737677.0,737677.0,737677.0,737677.0,737677.0,0.0,0.0,0,0,0,0,0,0,0,0,0,0,0,0,0,0,0,0,0,0,0,0,0,0,0,0,0,0,1,0,0,0
